DROP TABLE IF EXISTS awayTeam;
DROP TABLE IF EXISTS homeTeam;
DROP TABLE IF EXISTS playsIn;
DROP TABLE IF EXISTS squad;
DROP TABLE IF EXISTS fantasyTeamLeague;
DROP TABLE IF EXISTS fixture;
DROP TABLE IF EXISTS fantasyLeague;
DROP TABLE IF EXISTS fantasyTeam;
DROP TABLE IF EXISTS user;
DROP TABLE IF EXISTS player;
DROP TABLE IF EXISTS club;

CREATE TABLE user (
  user_id VARCHAR (15) NOT NULL,
  first_name VARCHAR (20) NULL,
  last_name VARCHAR (20) NULL,
  email VARCHAR (40) NULL,
  PRIMARY KEY (user_id),
  INDEX (user_id)
);

CREATE TABLE fantasyLeague (
  league_id VARCHAR (15) NOT NULL,
  league_name VARCHAR (40) NULL,
  PRIMARY KEY (league_id),
  INDEX (league_id)
);

CREATE TABLE club (
  club_name VARCHAR (30) NOT NULL,
  club_manager VARCHAR (40) NULL,
  club_ground VARCHAR (30) NULL,
  PRIMARY KEY (club_name),
  INDEX (club_name)
);

CREATE TABLE fixture (
  fixture_id VARCHAR (15) NOT NULL,
  game_week VARCHAR (5) NOT NULL,
  PRIMARY KEY (fixture_id),
  INDEX (fixture_id)
);

CREATE TABLE player (
  player_id VARCHAR (15) NOT NULL,
  first_name VARCHAR (20) NULL,
  last_name VARCHAR (20) NULL,
  position VARCHAR (15) NULL,
  club_name VARCHAR (30) NOT NULL,
  d_o_b DATE NULL,
  country_of_birth VARCHAR (40) NULL,
  national_team VARCHAR (40) NULL,
  PRIMARY KEY (player_id),
  INDEX (player_id),
  FOREIGN KEY (club_name)
    REFERENCES club (club_name)
);

CREATE TABLE fantasyTeam (
  team_id VARCHAR (15) NOT NULL,
  team_name VARCHAR (40) NULL,
  user_id VARCHAR (15) NOT NULL,
  PRIMARY KEY (team_id),
  INDEX (team_id),
  FOREIGN KEY (user_id)
    REFERENCES user (user_id)
);

CREATE TABLE fantasyTeamLeague (
  team_id VARCHAR (15) NOT NULL,
  league_id VARCHAR (15) NOT NULL,
  PRIMARY KEY (team_id, league_id),
  FOREIGN KEY (team_id)
    REFERENCES fantasyTeam (team_id),
  FOREIGN KEY (league_id)
    REFERENCES fantasyLeague (league_id)
);

CREATE TABLE squad (
  team_id VARCHAR (15) NOT NULL,
  player_id VARCHAR (15) NOT NULL,
  game_week VARCHAR (5) NOT NULL,
  in_first_team BOOLEAN NOT NULL DEFAULT 0,
  PRIMARY KEY (team_id, player_id, game_week),
  FOREIGN KEY (team_id)
    REFERENCES fantasyTeam (team_id),
  FOREIGN KEY (player_id)
    REFERENCES player (player_id)
);

CREATE TABLE playsIn (
  player_id VARCHAR (15) NOT NULL,
  fixture_id VARCHAR (15) NOT NULL,
  game_points VARCHAR (5) NOT NULL,
  PRIMARY KEY (player_id, fixture_id),
  FOREIGN KEY (player_id)
    REFERENCES player (player_id),
  FOREIGN KEY (fixture_id)
    REFERENCES fixture (fixture_id)
);

CREATE TABLE homeTeam (
  fixture_id VARCHAR (15) NOT NULL,
  club_name VARCHAR (30) NOT NULL,
  goals VARCHAR (5) NOT NULL,
  venue VARCHAR (30) NULL,
  PRIMARY KEY (fixture_id),
  FOREIGN KEY (fixture_id)
    REFERENCES fixture (fixture_id),
  FOREIGN KEY (club_name)
    REFERENCES club (club_name)
);

CREATE TABLE awayTeam (
  fixture_id VARCHAR (15) NOT NULL,
  club_name VARCHAR (30) NOT NULL,
  goals VARCHAR (5) NOT NULL,
  PRIMARY KEY (fixture_id),
  FOREIGN KEY (fixture_id)
    REFERENCES fixture (fixture_id),
  FOREIGN KEY (club_name)
    REFERENCES club (club_name)
);



insert into user (user_id, first_name, last_name, email) values
("0001", "Kevin", "Hackett", "khackett03@qub.ac.uk"),
("0002", "Ciaran", "Gollogly", "cgollogly03@qub.ac.uk"),
("0003", "Liam", "Connolly", "lconnolly17@qub.ac.uk"),
("0004", "Fergus", "Taylor", "ftaylor04@qub.ac.uk"),
("0005", "Peter", "Kilpatrick", "pkilpatrick01@qub.ac.uk"),
("0006", "David", "Cullen", "dcullen620@qub.ac.uk"),
("0007", "Kevin", "Hackett", "khackett@gmail.com"),
("0008", "Ciaran", "Gollogly", "cgollogly@gmail.com"),
("0009", "Liam", "Connolly", "lconnolly@gmail.com"),
("0010", "Fergus", "Taylor", "ftaylor@gmail.com"),
("0011", "Peter", "Kilpatrick", "pkilpatrick@gmail.com"),
("0012", "David", "Cullen", "dcullen@gmail.com");


insert into fantasyLeague (league_id, league_name) values
("l001", "Fantasy League Overall"),
("l002", "League of Spaceballs");


insert into club (club_name, club_manager, club_ground) values
("Arsenal", "Arsene Wenger", "Emirates"),
("Aston Villa", "Paul Lambert", "Villa Park"),
("Burnley", "Sean Dyche", "Turf Moor"),
("Chelsea", "Jose Mourinho", "Stamford Bridge"),
("Crystal Palace", "Neil Warnock", "Selhurst Park"),
("Everton", "Roberto Martinez", "Goodison Park"),
("Hull City", "Steve Bruce", "KC Stadium"),
("Leicester City", "Nigel Pearson", "King Power Stadium"),
("Liverpool", "Brendan Rogers", "Anfield"),
("Manchester City", "Manuel Pellegrini", "City of Manchester Stadium"),
("Manchester United", "Louis van Gaal", "Old Trafford"),
("Newcastle United", "Alan Pardew", "St James' Park"),
("Queens Park Rangers", "Harry Redknapp", "Loftus Road"),
("Southampton", "Ronald Koeman", "St Mary's Stadium"),
("Stoke City", "Mark Hughes", "Britannia Stadium"),
("Sunderland", "Gus Poyet", "Stadium of Light"),
("Swansea City", "Gary Monk", "Liberty Stadium"),
("Tottenham Hotspur", "Mauricio Pochettino", "White Hart Lane"),
("West Bromwich Albion", "Alan Irvine", "The Hawthorns"),
("West Ham", "Sam Allardyce", "Upton Park");


insert into fixture (fixture_id, game_week) values
("f001", "g01"),
("f002", "g01"),
("f003", "g01"),
("f004", "g01"),
("f005", "g01"),
("f006", "g01"),
("f007", "g01"),
("f008", "g01"),
("f009", "g01"),
("f010", "g01"),
("f011", "g02"),
("f012", "g02"),
("f013", "g02"),
("f014", "g02"),
("f015", "g02"),
("f016", "g02"),
("f017", "g02"),
("f018", "g02"),
("f019", "g02"),
("f020", "g02"),
("f021", "g03"),
("f022", "g03"),
("f023", "g03"),
("f024", "g03"),
("f025", "g03"),
("f026", "g03"),
("f027", "g03"),
("f028", "g03"),
("f029", "g03"),
("f030", "g03"),
("f031", "g04"),
("f032", "g04"),
("f033", "g04"),
("f034", "g04"),
("f035", "g04"),
("f036", "g04"),
("f037", "g04"),
("f038", "g04"),
("f039", "g04"),
("f040", "g04"),
("f041", "g05"),
("f042", "g05"),
("f043", "g05"),
("f044", "g05"),
("f045", "g05"),
("f046", "g05"),
("f047", "g05"),
("f048", "g05"),
("f049", "g05"),
("f050", "g05"),
("f051", "g06"),
("f052", "g06"),
("f053", "g06"),
("f054", "g06"),
("f055", "g06"),
("f056", "g06"),
("f057", "g06"),
("f058", "g06"),
("f059", "g06"),
("f060", "g06"),
("f061", "g07"),
("f062", "g07"),
("f063", "g07"),
("f064", "g07"),
("f065", "g07"),
("f066", "g07"),
("f067", "g07"),
("f068", "g07"),
("f069", "g07"),
("f070", "g07"),
("f071", "g08"),
("f072", "g08"),
("f073", "g08"),
("f074", "g08"),
("f075", "g08"),
("f076", "g08"),
("f077", "g08"),
("f078", "g08"),
("f079", "g08"),
("f080", "g08"),
("f081", "g09"),
("f082", "g09"),
("f083", "g09"),
("f084", "g09"),
("f085", "g09"),
("f086", "g09"),
("f087", "g09"),
("f088", "g09"),
("f089", "g09"),
("f090", "g09"),
("f091", "g10"),
("f092", "g10"),
("f093", "g10"),
("f094", "g10"),
("f095", "g10"),
("f096", "g10"),
("f097", "g10"),
("f098", "g10"),
("f099", "g10"),
("f100", "g10");



insert into player(player_id, first_name, last_name, position, club_name, d_o_b, country_of_birth, national_team) values
("0001", "David", "Ospina", "Goalkeeper", "Arsenal", "1998-08-31", "Colombia", "Colombia"),
("0002", "Wojciech", "Szczesny", "Goalkeeper", "Arsenal", "1990-04-18", "Poland", "Poland"),
("0003", "Mathieu", "Debuchy", "Defender", "Arsenal", "1992-09-02", "France", "France"),
("0004", "Calum", "Chambers", "Defender", "Arsenal", "1995-01-20", "England", "England"), 
("0005", "Nacho", "Monreal", "Defender", "Arsenal", "1986-02-26", "Spain", "Spain"),
("0006", "Laurent", "Koscielny", "Defender", "Arsenal", "1985-09-10", "France", "France"),
("0007", "Serge", "Gnabry", "Midfielder", "Arsenal", "1995-07-14", "Germany", NULL),
("0008", "Per", "Mertesacker", "Defender", "Arsenal", "1984-09-29", "Germany", "Germany"),
("0009", "Kieran", "Gibbs", "Defender", "Arsenal", "1989-09-26", "England", "England"),
("0010", "Thomas", "Rosicky", "Midfielder", "Arsenal", "1980-10-04", "Czech Republic", "Czech Republic"),
("0011", "Mikel", "Arteta", "Midfielder", "Arsenal", "1982-03-26", "Spain", "NULL"),
("0012", "Theo", "Walcott", "Midfielder", "Arsenal", "1989-03-16", "England", "England"),
("0013", "Alex", "Oxlade-Chamberlain", "Midfielder", "Arsenal", "1993-08-15", "England", "England"),
("0014", "Özil", "Mesut", "Midfielder", "Arsenal", "1988-10-15", "Germany", "Germany"),
("0015", "Jack", "Wilshere", "Midfielder", "Arsenal", "1992-01-01", "England", "England"),
("0016", "Santi", "Cazorla", "Midfielder", "Arsenal", "1984-12-13", "Spain", "Spain"),
("0017", "Mathieu", "Flamini", "Midfielder", "Arsenal", "1984-07-03", "France", "France"),
("0018", "Aaron", "Ramsey", "Midfielder", "Arsenal", "1990-12-26", "Wales", "Wales"),
("0019", "Vassiriki", "Abou Diaby", "Midfielder", "Arsenal", "1986-05-11", "France", "France"),
("0020", "Oliver", "Giroud", "Striker", "Arsenal", "1986-09-30", "France", "France"),
("0021", "Alexis", "Sánchez", "Striker", "Arsenal", "1988-12-19", "Chile", "Chile"),
("0022", "Yaya", "Sanogo", "Striker", "Arsenal", "1993-01-27", "France", NULL),
("0023", "Lukas", "Podolski", "Striker", "Arsenal", "1985-06-04", "Poland", "Germany"),
("0024", "Joel", "Campbell", "Striker", "Arsenal", "1992-06-26", "Costa Rica", "Costa Rica"),
("0025", "Danny", "Welbeck", "Striker", "Arsenal", "1990-11-26", "England", "England"),
("0026", "Brad", "Guzan", "Goalkeeper", "Aston Villa", "1984-09-09", "United States", "United States"),
("0027", "Shay", "Given", "Goalkeeper", "Aston Villa", "1976-04-20", "Rep. of Ireland", "Rep. of Ireland"),
("0028", "Nathan", "Baker", "Defender", "Aston Villa", "1991-04-23", "England", NULL),
("0029", "Ron", "Vlaar", "Defender", "Aston Villa", "1985-02-16", "Netherlands", "Netherlands"),
("0030", "Jores", "O'kore", "Defender", "Aston Villa", "1992-08-11", "Denmark", "Denmark"),
("0031", "Ciaran", "Clark", "Defender", "Aston Villa", "1989-09-26", "Rep. of Ireland", "Rep. of Ireland"),
("0032", "Leandro", "Bacuna", "Defender", "Aston Villa", "1991-08-21", "Netherlands", NULL),
("0033", "Philippe", "Senderos", "Defender", "Aston Villa", "1985-02-14", "Switzerland", "Switzerland"),
("0034", "Alan", "Hutton", "Defender", "Aston Villa", "1984-11-30", "Scotland", "Scotland"),
("0035", "Aly", "Cissokho", "Defender", "Aston Villa", "1987-09-15", "France", "France"),
("0036", "Matthew", "Lowton", "Defender", "Aston Villa", "1989-06-09", "England", "NULL"),
("0037", "Tom", "Cleverley", "Midfielder", "Aston Villa", "1989-08-12", "England", "England"),
("0038", "Joe", "Cole", "Midfielder", "Aston Villa", "1981-11-08", "England", "England"),
("0039", "Ashley", "Westwood", "Midfielder", "Aston Villa", "1990-04-01", "England", NULL),
("0040", "Fabian", "Delph", "Midfielder", "Aston Villa", "1989-11-21", "England", "England"),
("0041", "Kieran", "Richardson", "Midfielder", "Aston Villa", "1984-10-21", "England", "England"),
("0042", "Carlos", "Sánchez", "Midfielder", "Aston Villa", "1986-02-06", "Colombia", "Colombia"),
("0043", "Charles", "N'Zogbia", "Midfielder", "Aston Villa", "1986-05-28", "France", "France"),
("0044", "Jack", "Grealish", "Midfielder", "Aston Villa", "1995-09-10", "Rep. of Ireland", "Rep. of Ireland"),
("0045", "Andreas", "Weimann", "Striker", "Aston Villa", "1991-08-05", "Austria", "Austria"),
("0046", "Gabriel", "Agbonlahor", "Striker", "Aston Villa", "1986-10-13", "England", "England"),
("0047", "Darren", "Bent", "Striker", "Aston Villa", "1984-02-06", "England", "England"),
("0048", "Christian", "Beneteke", "Striker", "Aston Villa", "1990-12-03", "Belgium", "Belgium"),
("0049", "Libor", "Kozák", "Striker", "Aston Villa", "1989-05-30", "Czech Republic", "Czech Republic"),
("0050", "Graham", "Burke", "Striker", "Aston Villa", "1993-09-21", "Rep. of Ireland", NULL),
("0051", "Tom", "Heaton", "Goalkeeper", "Burnley", "1986-04-15", "England", NULL),
("0052", "Matthew", "Gilks", "Goalkeeper", "Burnley", "1982-06-04", "England", "Scotland"),
("0053", "Kieran", "Trippier", "Defender", "Burnley", "1990-09-19", "England", NULL),
("0054", "Daniel", "Lafferty", "Defender", "Burnley", "1989-05-18", "Northern Ireland", NULL),
("0055", "Michael", "Duff", "Defender", "Burnley", "1978-01-11", "Northern Ireland", NULL),
("0056", "Jason", "Shackell", "Defender", "Burnley", "1983-09-27", "England", NULL),
("0057", "Ben", "Mee", "Defender", "Burnley", "1989-09-21", "England", NULL),
("0058", "Steven", "Reid", "Defender", "Burnley", "1981-03-10", "Rep. of Ireland", "Rep. of Ireland"),
("0059", "Stephen", "Ward", "Defender", "Burnley", "1985-08-20", "Rep. of Ireland", "Rep. of Ireland"),
("0060", "Kevin", "Long", "Defender", "Burnley", "1990-08-18", "Rep. of Ireland", NULL),
("0061", "Michael", "Keane", "Defender", "Burnley", "1993-01-11", "England", NULL),
("0062", "Cameron", "Dummigan", "Defender", "Burnley", "1996-06-02", "Northern Ireland", NULL),
("0063", "Ross", "Wallace", "Midfielder", "Burnley", "1985-05-23", "Scotland", "Scotland"),
("0064", "Dean", "Marney", "Midfielder", "Burnley", "1984-01-31", "England", NULL),
("0065", "Michael", "Kightly", "Midfielder", "Burnley", "1986-01-24", "England", NULL),
("0066", "David", "Jones", "Midfielder", "Burnley", "1984-11-04", "England", NULL),
("0067", "Matthew", "Taylor", "Midfielder", "Burnley", "1981-11-27", "England", NULL),
("0068", "George", "Boyd", "Midfielder", "Burnley", "1985-10-02", "England", "Scotland"),
("0069", "Scott", "Arfield", "Midfielder", "Burnley", "1988-11-01", "Scotland", NULL),
("0070", "Nathaniel", "Chalobah", "Midfielder", "Burnley", "1994-12-12", "England", NULL),
("0071", "Ashley", "Barnes", "Striker", "Burnley", "1989-10-30", "England", NULL),
("0072", "Lukas", "Jutkiewicz", "Striker", "Burnley", "1989-03-28", "England", NULL),
("0073", "Sam", "Vokes", "Striker", "Burnley", "1989-10-21", "Wales", "Wales"),
("0074", "Danny", "Ings", "Striker", "Burnley", "1992-03-16", "England", NULL),
("0075", "Marvin", "Sordell", "Striker", "Burnley", "1991-02-17", "England", NULL),
("0076", "Petr", "Cech", "Goalkeeper", "Chelsea", "1982-05-20", "Czech Republic", "Czech Republic"),
("0077", "Thibaut", "Courtois", "Goalkeeper", "Chelsea", "1992-05-11", "Belgium", "Belgium"),
("0078", "Mark", "Schwarzer", "Goalkeeper", "Chelsea", "1972-10-06", "Australia", "Australia"),
("0079", "Branislav", "Ivanovic", "Defender", "Chelsea", "1984-02-22", "Serbia", "Serbia"),
("0080", "Gary", "Cahill", "Defender", "Chelsea", "1985-12-19", "England", "England"),
("0081", "César", "Azpilicueta", "Defender", "Chelsea", "1989-08-28", "Spain", "Spain"),
("0082", "Felipe", "Luis", "Defender", "Chelsea", "1985-08-09", "Brazil", "Brazil"),
("0083", "John", "Terry", "Defender", "Chelsea", "1980-12-07", "England", "England"),
("0084", "Nathan", "Ake", "Defender", "Chelsea", "1995-02-18", "Netherlands", NULL),
("0085", "Cesc", "Fàbregas", "Midfielder", "Chelsea", "1987-05-04", "Spain", "Spain"),
("0086", NULL, "Ramires", "Midfielder", "Chelsea", "1987-03-24", "Brazil", "Brazil"),
("0087", NULL, "Oscar", "Midfielder", "Chelsea", "1991-09-09", "Brazil", "Brazil"),
("0088", "Eden", "Hazard", "Midfielder", "Chelsea", "1991-01-07", "Belgium", "Belgium"),
("0089", "John Obi", "Mikel", "Midfielder", "Chelsea", "1987-04-22", "Nigeria", "Nigeria"),
("0090", "André", "Schürrle", "Midfielder", "Chelsea", "1990-11-06", "Germany", "Germany"),
("0091", "Salah", "Mohamed", "Midfielder", "Chelsea", "1992-06-15", "Egypt", "Egypt"),
("0092", "Nemanja", "Matic", "Midfielder", "Chelsea", "1988-08-01", "Serbia", "Serbia"),
("0093", NULL, "Willian", "Midfielder", "Chelsea", "1988-08-09", "Brazil", "Brazil"),
("0094", "Jeremie", "Boga", "Midfielder", "Chelsea", "1997-01-03", "France", NULL),
("0095", "Lewis", "Baker", "Midfielder", "Chelsea", "1995-04-25", "England", NULL),
("0096", "Didier", "Drogba", "Striker", "Chelsea", "1978-03-11", "Ivory Coast", "Ivory Coast"),
("0097", "Loïc", "Remy", "Striker", "Chelsea", "1987-01-02", "France", "France"),
("0098", "Diego", "Costa", "Striker", "Chelsea", "1988-10-07", "Brazil", "Spain"),
("0099", "Dominic", "Solanke", "Striker", "Chelsea", "1997-09-14", "England", NULL),
("0100", "Izzy", "Brown", "Striker", "Chelsea", "1997-01-07", "England", NULL),
("0101", "Julian", "Speroni", "Goalkeeper", "Crystal Palace", "1979-05-18", "Argentina",  NULL),
("0102", "Joel", "Ward", "Defender", "Crystal Palace", "1989-10-29", "England", NULL),
("0103", "Adrian", "Mariappa", "Defender", "Crystal Palace", "1986-10-03", "England", "Jamaica"),
("0104", "Brede", "Hangeland", "Defender", "Crystal Palace", "1981-06-20", "Norway", "Norway"),
("0105", "Paddy", "McCarthy", "Defender", "Crystal Palace", "1983-05-31", "Rep. of Ireland", NULL),
("0106", "Scott", "Dann", "Defender", "Crystal Palace", "1987-02-14", "England", NULL),
("0107", "Yannick", "Bolasie", "Midfielder", "Crystal Palace", "1989-04-24", "France", "Congo"),
("0108", "Adlène", "Guédioura", "Midfielder", "Crystal Palace", "1985-11-12", "France", "Algeria"),
("0109", "Kevin", "Doyle", "Forward", "Crystal Palace","1983-09-18", "Rep. of Ireland", "Rep. of Ireland"),
("0110", "Fraizer", "Campbell", "Forward", "Crystal Palace", "1987-09-13", "England", "England"),
("0111", "Wilfried", "Zaha", "Midfielder", "Crystal Palace", "1992-11-10", "England", "England"),
("0112", "Stuart", "O'Keefe", "Midfielder", "Crystal Palace", "1991-03-04", "England", NULL),
("0113", "Wayne", "Hennessey", "Goalkeeper", "Crystal Palace", "1987-01-24", "Wales", "Wales"),
("0114", "Jerome", "Thomas", "Midfielder", "Crystal Palace", "1983-03-23", "England", NULL),
("0115", "Mile", "Jedinak", "Midfielder", "Crystal Palace", "1984-08-03", "Australia", "Australia"),
("0116", "Dwight", "Gayle", "Forward", "Crystal Palace", "1990-10-20", "England", NULL),
("0117", "Andrew", "Johnson", "Forward", "Crystal Palace", "1981-02-10", "England", "England"),
("0118", "James", "McArthur", "Midfielder", "Crystal Palace", "1987-10-07", "Scotland", "Scotland"),
("0119", "Hiram", "Boateng", "Midfielder", "Crystal Palace", "1996-01-08", "England", NULL),
("0120", "Barry", "Bannan", "Midfielder", "Crystal Palace", "1989-12-01", "Scotland", "Scotland"),
("0121", "Jason", "Puncheon", "Midfielder", "Crystal Palace", "1986-06-26", "England", NULL),
("0122", "Damien", "Delaney", "Defender", "Crystal Palace", "1981-07-20", "Rep. of Ireland", "Rep. of Ireland"),
("0123", "Joe", "Ledley", "Midfielder", "Crystal Palace", "1987-01-23", "Wales", "Wales"),
("0124", "Marouane", "Chamakh", "Forward", "Crystal Palace", "1984-01-10", "Morocco", "Morocco"),
("0125", "Martin", "Kelly", "Defender", "Crystal Palace", "1990-04-27", "England", "England"),
("0126", "Joel", "Robles", "Goalkeeper", "Everton", "1990-06-17", "Spain", NULL),
("0127", "Tony", "Hibbert", "Defender", "Everton", "1981-02-20", "England", NULL),
("0128", "Leighton", "Baines", "Defender", "Everton", "1984-12-11", "England", "England"),
("0129", "Darron", "Gibson", "Midfielder", "Everton", "1987-10-25", "Northern Ireland", "Rep. of Ireland"),
("0130", "Samuel", "Eto'o", "Forward", "Everton", "1981-03-10", "Cameroon", "Cameroon"),
("0131", "Phil", "Jagielka", "Defender", "Everton", "1982-08-17", "England", "England"),
("0132", "Aiden", "McGeady", "Midfielder", "Everton", "1986-04-04", "Rep. of Ireland", "Rep. of Ireland"),
("0133", "Bryan", "Oviedo", "Defender", "Everton", "1990-02-18", "Costa Rica", "Costa Rica"),
("0134", "Arouna", "Koné", "Forward", "Everton", "1983-11-11", "Ivory Coast", "Ivory Coast"),
("0135", "Kevin", "Mirallas", "Midfielder", "Everton", "1987-10-05", "Belgium", "Belgium"),
("0136", "Steven", "Naismith", "Forward", "Everton", "1986-09-14", "Scotland", "Scotland"),
("0137", "Sylvain", "Distin", "Defender", "Everton", "1977-12-16", "France", NULL),
("0138", "James", "McCarthy", "Midfielder", "Everton", "1990-11-12", "Rep. of Ireland", "Rep. of Ireland"),
("0139", "Muhamed", "Besic", "Midfielder", "Everton", "1992-09-10", "Germany", "Bosnia and Herzegovina"),
("0140", "Gareth", "Barry", "Midfielder", "Everton", "1981-02-23", "England", "England"),
("0141", "Leon", "Osman", "Midfielder", "Everton", "1981-05-17", "England", "England"),
("0142", "Steven", "Pienaar", "Midfielder", "Everton", "1982-03-17", "South Africa", "South Africa"),
("0143", "Seamus", "Coleman", "Defender", "Everton", "1988-10-11", "Rep. of Ireland", "Rep. of Ireland"),
("0144", "Tim", "Howard", "Goalkeeper", "Everton", "1979-03-06", "United States", "United States"),
("0145", "Antolin", "Alcaraz", "Defender", "Everton", "1982-07-30", "Paraguay", "Paraguay"),
("0146", "Romelu", "Lukaku", "Forward", "Everton", "1993-05-13", "Belgium", "Belgium"),
("0147", "Ross", "Barkley", "Midfielder", "Everton", "1993-12-05", "England", "England"),
("0148", "John", "Stones", "Defender", "Everton", "1994-05-28", "England", "England"),
("0149", "Tyias", "Browning", "Defender", "Everton", "1994-05-27", "England", NULL),
("0150", "Luke", "Garbutt", "Defender", "Everton", "1993-05-21", "England", NULL),
("0151", "Allan", "McGregor", "Goalkeeper", "Hull City", "1982-01-31", "Scotland", "Scotland"),
("0152", "Liam", "Rosenior", "Defender", "Hull City", "1984-07-09", "England", NULL),
("0153", "Alex", "Bruce", "Defender", "Hull City", "1984-09-28", "Northern Ireland", "Northern Ireland"),
("0154", "James", "Chester", "Defender", "Hull City", "1989-01-23", "England", "Wales"),
("0155", "Curtis", "Davies", "Defender", "Hull City", "1985-03-15", "England", NULL),
("0156", "David", "Meyler", "Midfielder", "Hull City", "1989-05-29", "Rep. of Ireland", "Rep. of Ireland"),
("0157", "Tom", "Huddlestone", "Midfielder", "Hull City", "1986-12-26", "England", "England"),
("0158", "Abel", "Hernández", "Forward", "Hull City", "1990-08-08", "Uruguay", "Uruguay"),
("0159", "Robert", "Snodgrass", "Midfielder", "Hull City", "1987-09-07", "Scotland", "Scotland"),
("0160", "Robbie", "Brady", "Midfielder", "Hull City", "1992-01-14", "Rep. of Ireland", "Rep. of Ireland"),
("0161", "Jake", "Livermore", "Midfielder", "Hull City", "1989-11-14", "England", "England" ),
("0162", "Paul", "McShane", "Defender", "Hull City", "1986-01-06", "Rep. of Ireland", "Rep. of Ireland"),
("0163", "Eldin", "Jakupovic", "Goalkeeper", "Hull City", "1984-10-02", "Bosnia And Herzegovina", "Switzerland"),
("0164", "Mohamed", "Diamé", "Midfielder", "Hull City", "1987-06-14", "France", "Senegal"),
("0165", "Nikica", "Jelavic", "Forward", "Hull City", "1985-08-27", "Croatia", "Croatia"),
("0166", "Michael", "Dawson", "Defender", "Hull City", "1983-11-18", "England", "England"),
("0167", "Steve", "Harper", "Goalkeeper", "Hull City", "1975-03-14", "England", NULL),
("0168", "Sone", "Aluko", "Forward", "Hull City", "1989-02-19", "England", "Nigeria"),
("0169", "Gastón", "Ramírez", "Midfielder", "Hull City", "1990-12-02", "Uruguay", "Uruguay"),
("0170", "Andrew", "Robertson", "Defender", "Hull City", "1994-03-11", "Scotland", "Scotland"),
("0171", "Ahmed", "Elmohamady", "Midfielder", "Hull City", "1987-09-09", "Egypt", "Egypt"),
("0172", "Stephen", "Quinn", "Midfielder", "Hull City", "1986-04-01", "Rep. of Ireland", "Rep. of Ireland"),
("0173", "Andrew", "Robertson", "Defender", "Hull City", "1994-03-11", "Scotland", "Scotland"),
("0174", "Hatem", "BenArfa", "Midfielder", "Hull City", "1987-03-07", "France", "France"),
("0175", "Rory", "Watson", "Goalkeeper", "Hull City", "1996-02-05", "England", NULL),
("0176", "Kasper", "Schmeichel", "Goalkeeper", "Leicester City", "1986-11-05", "England", "England"),
("0177", "Ritchie", "deLaet", "Defender", "Leicester City", "1988-11-28", "Belgium", "Belgium"),
("0178", "Paul", "Konchesky", "Defender", "Leicester City", "1981-05-15", "England", "England"),
("0179", "Daniel", "Drinkwater", "Midfielder", "Leicester City", "1990-03-05", "England", NULL),
("0180", "Wes", "Morgan", "Defender", "Leicester City", "1984-01-21", "England", "Jamaica"),
("0181", "Matthew", "Upson", "Defender", "Leicester City", "1979-04-18", "England", "England"),
("0182", "Dean", "Hammond", "Midfielder", "Leicester City", "1983-03-07", "England", NULL),
("0183", "Matthew", "James", "Midfielder", "Leicester City", "1991-07-22", "England", NULL),
("0184", "Jamie", "Vardy", "Forward", "Leicester City", "1987-01-11", "England", NULL),
("0185", "Andy", "King", "Midfielder", "Leicester City", "1988-10-29", "England", "Wales"),
("0186", "Marc", "Albrighton", "Midfielder", "Leicester City", "1989-11-18", "England", NULL),
("0187", "Ben", "Hamer", "Goalkeeper", "Leicester City", "1987-11-20", "England", NULL),
("0188", "Jeffrey", "Schlupp", "Defender", "Leicester City", "1992-12-23", "Germany", "Ghana"),
("0189", "Danny", "Simpson", "Defender", "Leicester City", "1987-01-04", "England", NULL),
("0190", "Esteban", "Cambiasso", "Midfielder", "Leicester City", "1980-08-18", "Argentina", "Argentina"),
("0191", "Zoumana", "Bakayogo", "Defender", "Leicester City", "1986-08-17", "France", "Ivory Coast"),
("0192", "Leonardo", "Ulloa", "Forward", "Leicester City", "1986-07-26", "Argentina", NULL),
("0193", "Anthony", "Knockaert", "Midfielder", "Leicester City", "1991-11-20", "France", NULL),
("0194", "Riyad", "Mahrez", "Midfielder", "Leicester City", "1991-02-21", "France", "Algeria"),
("0195", "Marcin", "Wasilewski", "Defender", "Leicester City", "1980-06-09", "Poland", "Poland"),
("0196", "Adam", "Smith", "Goalkeeper", "Leicester City", "1992-11-23", "England", NULL),
("0197", "David", "Nugent", "Forward", "Leicester City", "1985-05-02", "England", "England"),
("0198", "Chris", "Wood", "Forward", "Leicester City", "1991-12-07", "New Zealand", "New Zealand"),
("0199", "Nick", "Powell", "Midfielder", "Leicester City", "1994-03-23", "England", NULL),
("0200", "Liam", "Moore", "Defender", "Leicester City", "1993-01-31", "England", NULL),
("0201", "Simon", "Mignolet", "Goalkeeper", "Liverpool", "1988-08-06", "Belgium", "Belgium"),
("0202", "Bradley", "Jones", "Goalkeeper", "Liverpool", "1982-03-19", "Australia", "Australia"),
("0203", "Glen", "Johnson", "Defender", "Liverpool", "1984-08-23", "England","England"),
("0204", "Jose", "Enrique", "Defender", "Liverpool", "1986-01-23", "Spain", NULL ),
("0205", "Kolo", "Toure", "Defender", "Liverpool", "1981-03-19", "Ivory Coast", "Ivory Coast"),
("0206", "Dejan", "Lovren", "Defender", "Liverpool", "1989-07-05", "Croatia", "Croatia"),
("0207", "Mamadou", "Sakho", "Defender", "Liverpool", "1990-02-13", "France", "France"),
("0208", "Alberto", "Moreno", "Defender", "Liverpool", "1992-07-05", "Spain", "Spain"),
("0209", "Martin", "Skrtel", "Defender", "Liverpool", "1984-12-15", "Slovakia", "Slovakia"),
("0210", "Javier", "Manquillo", "Defender", "Liverpool", "1994-05-05", "Spain", NULL),
("0211", "John", "Flanagan", "Defender", "Liverpool", "1993-01-01", "England", "England"),
("0212", "Steven", "Gerrard", "Midfielder", "Liverpool", "1980-05-30","England", "England"),
("0213", "Philippe", "Countinho", "Midfielder", "Liverpool", "1992-06-12", "Brazil", "Brazil"),
("0214", "Jordan", "Henderson", "Midfielder", "Liverpool", "1990-06-17", "England", "England"),
("0215", "Adam", "Lallana", "Midfielder", "Liverpool", "1988-05-10", "England", "England"),
("0216", "Lucas", "Leiva", "Midfielder", "Liverpool", "1987-01-09", "Brazil", "Brazil"),
("0217", "Joe", "Allen", "Midfielder", "Liverpool", "1990-03-14", "Wales", "Wales"),
("0218", "Emre", "Can", "Midfielder", "Liverpool", "1994-01-12", "Germany", NULL),
("0219", "Raheem", "Sterling", "Midfielder", "Liverpool", "1994-12-08", "Jamaica", "England"),
("0220", "Jordan", "Rossiter", "Midfielder", "Liverpool", "1997-03-24", "England", NULL),
("0221", "Lazar", "Markovic", "Midfielder", "Liverpool", "1994-03-02", "Serbia", "Serbia"),
("0222", "Mario", "Balotelli", "Striker", "Liverpool", "1990-08-12", "Italy", "Italy"),
("0223", "Fabio", "Borini", "Striker", "Liverpool", "1991-03-29", "Italy", "Italy"),
("0224", "Daniel", "Sturridge", "Striker", "Liverpool", "1989-09-01", "England", "England"),
("0225", "Rickie", "Lambert", "Striker", "Liverpool", "1982-02-16", "England", "England"),
("0226", "Joe", "Hart", "Goalkeeper", "Manchester City", "1987-04-19", "England", "England"),
("0227", "Willy", "Caballero", "Goalkeeper", "Manchester City", "1981-09-28", "Argentina", NULL),
("0228", "Richard", "Wright", "Goalkeeper", "Manchester City", "1977-11-05", "England", "England"),
("0229", "Bacary", "Sagna", "Defender", "Manchester City", "1983-02-14", "France", "France"),
("0230", "Vincent", "Kompany", "Defender", "Manchester City", "1986-04-10", "Belgium", "Belgium"),
("0231", "Pablo", "Zabaleta", "Defender", "Manchester City", "1985-01-16", "Argentina", "Argentina"),
("0232", "Aleksandar", "Kolarov", "Defender", "Manchester City", "1985-11-10", "Serbia", "Serbia"),
("0233", "Eliaquim", "Mangala", "Defender", "Manchester City", "1991-02-13", "France", "France"),
("0234", "Gael", "Clichy", "Defender", "Manchester City", "1985-07-26", "France", "France"),
("0235", "Martin", "Demichelis", "Defender", "Manchester City", "1980-12-20", "Argentina", "Argentina"),
("0236", "Dedryck", "Boyata", "Defender", "Manchester City", "1990-11-28", "Belgium", "Belgium"),
("0237", "Matija", "Nastasic", "Defender", "Manchester City", "1993-03-28", "Serbia", "Serbia"),
("0238", NULL, "Fernando", "Midfielder", "Manchester City", "1987-07-25", "Brazil", NULL),
("0239", "James", "Milner", "Midfielder", "Manchester City", "1986-01-04", "England", "England"),
("0240", "Samir", "Nasri", "Midfielder", "Manchester City", "1987-06-26", "France", "France"),
("0241", "Scott", "Sinclair", "Midfielder", "Manchester City", "1989-03-25", "England", NULL),
("0242", "Jesus", "Navas", "Midfielder", "Manchester City", "1985-11-21", "Spain", "Spain"),
("0243", "Frank", "Lampard", "Midfielder", "Manchester City", "1978-06-20", "England", "England"),
("0244", "Jose", "Pozo", "Midfielder", "Manchester City", "1996-03-15", "Spain", NULL),
("0245", "David", "Silva", "Midfielder", "Manchester City", "1986-01-08", "Spain", "Spain"),
("0246", NULL, "Fernandinho", "Midfielder", "Manchester City", "1985-05-04", "Brazil", "Brazil"),
("0247", "Yaya", "Toure", "Midfielder", "Manchester City", "1983-05-13", "Ivory Coast", "Ivory Coast"),
("0248", "Edin", "Dzeko", "Striker", "Manchester City", "1986-03-17", "Serbia", "Bosnia and Herzegovina"),
("0249", "Sergio", "Aguero", "Striker", "Manchester City", "1988-06-02", "Argentina", "Argentina"),
("0250", "Stevan", "Jovetic", "Striker", "Manchester City", "1989-11-02", "Montenegro", "Montenegro"),
("0251", "David", "DeGea", "Goalkeeper", "Manchester United", "1990-11-07", "Spain", "Spain"),
("0252", "Anders", "Lindegaard", "Goalkeeper", "Manchester United", "1984-04-13", "Denmark", "Denmark"),
("0253", "Rafael", "DaSilva", "Defender", "Manchester United", "1990-07-09", "Brazil", "Brazil"),
("0254", "Phil", "Jones", "Defender", "Manchester United", "1992-02-21", "England", "England"),
("0255", "Marcos", "Rojo", "Defender", "Manchester United", "1990-03-20", "Argentina", "Argentina"),
("0256", "Jonny", "Evans", "Defender", "Manchester United", "1988-01-03", "Northern Ireland", "Northern Ireland"),
("0257", "Chris", "Smalling", "Defender", "Manchester United", "1989-11-22", "England", "England"),
("0258", "Luke", "Shaw", "Defender", "Manchester United", "1995-07-12", "England", "England"),
("0259", "Patrick", "McNair", "Defender", "Manchester United", "1995-04-27", "Northern Ireland", NULL),
("0260", "Tyler", "Blackett", "Defender", "Manchester United", "1994-04-02", "England", NULL),
("0261", "Angel", "DiMaria", "Midfielder", "Manchester United", "1988-02-14", "Argentina", "Argentina"),
("0262", "Juan", "Mata", "Midfielder", "Manchester United", "1988-04-28", "Spain", "Spain"),
("0263", "Michael", "Carrick", "Midfielder", "Manchester United", "1981-07-28", "England", "England"),
("0264", "Daley", "Blind", "Midfielder", "Manchester United", "1990-04-09", "Netherlands", "Netherlands"),
("0265", "Ashley", "Young", "Midfielder", "Manchester United", "1985-07-09", "England", "England"),
("0266", "Ander", "Herrera", "Midfielder", "Manchester United", "1989-08-14", "Spain", NULL),
("0267", "Darren", "Fletcher", "Midfielder", "Manchester United", "1984-02-01", "Scotland", "Scotland"),
("0268", "Antonio", "Valencia", "Midfielder", "Manchester United", "1985-08-04", "Ecuador", "Ecuador"),
("0269", "Marouane", "Fellaini", "Midfielder", "Manchester United", "1987-11-22", "Belgium", "Belgium"),
("0270", "Adnan", "Januzaj", "Midfielder", "Manchester United", "1995-02-05", "Belgium", "Belgium"),
("0271", NULL, "Anderson", "Midfielder", "Manchester United", "1988-04-13", "Brazil", "Brazil"),
("0272", "Radamel", "Falcao", "Striker", "Manchester United", "1986-02-10", "Columbia", "Columbia"),
("0273", "Wayne", "Rooney", "Striker", "Manchester United", "1985-10-24", "England", "England"),
("0274", "Robin", "VanPersie", "Striker", "Manchester United", "1983-08-06", "Netherlands", "Netherlands"),
("0275", "James", "Wilson", "Striker", "Manchester United", "1995-12-01", "England", NULL),
("0276", "Tim", "Krul", "Goalkeeper", "Newcastle United", "1988-04-03", "Netherlands", "Netherlands"),
("0277", "Robert", "Elliot", "Goalkeeper", "Newcastle United", "1986-04-30", "England", "Rep. of Ireland"),
("0278", "Ryan", "Taylor", "Defender", "Newcastle United", "1984-08-19", "England", NULL),
("0279", "Fabricio", "Coloccini", "Defender", "Newcastle United", "1982-01-22", "Argentina", "Argentina"),
("0280", "Davide", "Santon", "Defender", "Newcastle United", "1991-01-02", "Italy", "Italy"),
("0281", "Michael", "Williamson", "Defender", "Newcastle United", "1983-11-08", "England", NULL),
("0282", "Massadio", "Haidara", "Defender", "Newcastle United", "1992-12-02", "France", NULL),
("0283", "Daryl", "Janmaat", "Defender", "Newcastle United", "1989-07-22", "Netherlands", "Netherlands"),
("0284", "Steven", "Taylor", "Defender", "Newcastle United", "1986-01-23", "England", NULL),
("0285", "Paul", "Dummett", "Defender", "Newcastle United", "1991-09-26", "England", "Wales"),
("0286", "Moussa", "Sissoko", "Defender", "Newcastle United", "1989-08-16", "France", "France"),
("0287", "Vurnon", "Anita", "Midfielder", "Newcastle United", "1989-04-04", "Netherlands", "Netherlands"),
("0288", "Jack", "Colback", "Midfielder", "Newcastle United", "1989-10-24", "England", NULL),
("0289", "Jonas", "Gutierrez", "Midfielder", "Newcastle United", "1983-07-05", "Argentina", "Argentina"),
("0290", "Remi", "Cabella", "Midfielder", "Newcastle United", "1990-03-08", "France", "France"),
("0291", "Haris", "Vuckic", "Midfielder", "Newcastle United", "1992-08-21", "Slovenia", "Slovenia"),
("0292", "Cheick", "Tiote", "Midfielder", "Newcastle United", "1986-06-21", "Ivory Coast", "Ivory Coast"),
("0293", "Gabriel", "Obertan", "Midfielder", "Newcastle United", "1989-02-26", "France", NULL),
("0294", "Mehdi", "Abeid", "Midfielder", "Newcastle United", "1992-08-06", "France", NULL),
("0295", "Papiss", "Cisse", "Striker", "Newcastle United", "1985-06-03", "Senegal", "Senegal"),
("0296", "Siem", "deJong", "Striker", "Newcastle United", "1989-01-28", "Switzerland", "Netherlands"),
("0297", "Yoan", "Gouffran", "Striker", "Newcastle United", "1986-05-25", "France", NULL),
("0298", "Sammy", "Ameobi", "Striker", "Newcastle United", "1992-05-01", "England", NULL),
("0299", "Emmanuel", "Riviere", "Striker", "Newcastle United", "1990-03-03", "Martinque", NULL),
("0300", "Ayoze", "Perez", "Striker", "Newcastle United", "1993-07-23", "Spain", NULL),
("0301", "Robert", "Green", "Goalkeeper", "Queens Park Rangers", "1980-01-18", "England", "England"),
("0302", "Alex", "McCarthy", "Goalkeeper", "Queens Park Rangers", "1989-12-03", "England", "England"),
("0303", "Armand", "Traore", "Defender", "Queens Park Rangers", "1989-10-8", "Senegal", "Senegal"),
("0304", "Steven", "Caulker", "Defender", "Queens Park Rangers", "1991-12-29", "England", "England"),
("0305", "Rio", "Ferdinand", "Defender", "Queens Park Rangers", "1978-11-07", "England", "England"),
("0306", "Clint", "Hill", "Defender", "Queens Park Rangers", "1978-10-19", "England", null),
("0307", "Yun", "Suk-Young", "Defender", "Queens Park Rangers", "1990-02-24", "South Korea", "South Korea"),
("0308", "Mauricio", "Isla", "Defender", "Queens Park Rangers", "1988-06-12", "Chile", "Chile"),
("0309", "Nedum", "Onuoha", "Defender", "Queens Park Rangers", "1986-11-12", "England", null),
("0310", "Richard", "Dunne", "Defender", "Queens Park Rangers", "1979-09-21", "Rep. of Ireland", "Rep. of Ireland"),
("0311", "Matt", "Phillips", "Midfielder", "Queens Park Rangers", "1991-03-13", "England", "Scotland"),
("0312", "Frankie", "Sutherland", "Midfielder", "Queens Park Rangers", "1993-12-06", "Rep. of Ireland", null),
("0313", "Joey", "Barton", "Midfielder", "Queens Park Rangers", "1982-09-02", "England", "England"),
("0314", "Leroy", "Fer", "Midfielder", "Queens Park Rangers", "1990-01-05", "Netherlands", "Netherlands"),
("0315", "Shaun", "Wright-Phillips", "Midfielder", "Queens Park Rangers", "1981-10-25", "England", "England"),
("0316", "Jordan", "Mutch", "Midfielder", "Queens Park Rangers", "1991-12-02", "England", "England"),
("0317", "Alejandro", "Faurlin", "Midfielder", "Queens Park Rangers", "1986-08-09", "Argentina", null),
("0318", "Niko", "Kranjcar", "Midfielder", "Queens Park Rangers", "1984-08-13", "Croatia", "Croatia"),
("0319", "Karl", "Henry", "Midfielder", "Queens Park Rangers", "1982-11-26", "England", null),
("0320", "David", "Hoilett", "Midfielder", "Queens Park Rangers", "1990-06-05", "Canada", null),
("0321", "Adel", "Taarabt", "Midfielder", "Queens Park Rangers", "1989-05-24", "Morocco", "Morocco"),
("0322", "Raniere", "Sandro", "Midfielder", "Queens Park Rangers", "1989-03-15", "Brazil", "Brazil"),
("0323", "Charlie", "Austin", "Striker", "Queens Park Rangers", "1989-07-05", "England", null),
("0324", "Eduardo", "Vargas", "Striker", "Queens Park Rangers", "1989-10-20", "Chile", "Chile"),
("0325", "Bobby", "Zamora", "Striker", "Queens Park Rangers", "1981-01-16", "England", "England"),
("0326", "Kelvin", "Davis", "Goalkeeper", "Southampton", "1976-09-29", "England", NULL),
("0327", "Frazer", "Forster", "Goalkeeper", "Southampton", "1988-03-17", "England", "England"),
("0328", "Paulo", "Gazzaniga", "Goalkeeper", "Southampton", "1992-01-02", "Argentina", NULL),
("0329", "Nathaniel", "Clyne", "Defender", "Southampton", "1991-04-05", "England", "England"),
("0330", "Maya", "Yoshida", "Defender", "Southampton", "1988-08-24", "Japan", "Japan"),
("0331", "Florin", "Gardos", "Defender", "Southampton", "1988-10-29", "Romania", "Romania"),
("0332", "Jose", "Fonte", "Defender", "Southampton", "1983-12-22", "Portugal", NULL),
("0333", "Toby", "Alderweireld", "Defender", "Southampton", "1989-03-02", "Belgium", "Belgium"),
("0334", "Ryan", "Bertrand", "Defender", "Southampton", "1989-08-05", "England", "England"),
("0335", "Matt", "Targett", "Defender", "Southampton", "1995-09-18", "Scotland", NULL),
("0336", "Morgan", "Schneiderlin", "Midfielder", "Southampton", "1989-10-08", "France", "France"),
("0337", "Steven", "Davis", "Midfielder", "Southampton", "1985-01-01", "Northern Ireland", "Northern Ireland"),
("0338", "Dusan", "Tadic", "Midfielder", "Southampton", "1988-10-20", "Serbia", "Serbia"),
("0339", "Victor", "Wanyama", "Midfielder", "Southampton", "1991-06-25", "Kenya", "Kenya"),
("0340", "James", "Ward-Prowse", "Midfielder", "Southampton", "1994-10-01", "England", NULL),
("0341", "Jack", "Cork", "Midfielder", "Southampton", "1989-06-25", "England", NULL),
("0342", "Lloyd", "Isgrove", "Midfielder", "Southampton", "1993-01-12", "Wales", NULL),
("0343", "Harrison", "Reed", "Midfielder", "Southampton", "1995-01-27", "England", NULL),
("0344", "Sam", "McQueen", "Midfielder", "Southampton", "1995-02-06", "England", NULL),
("0345", "Shane", "Long", "Striker", "Southampton", "1987-01-22", "Rep. of Ireland", "Rep. of Ireland"),
("0346", "Jay", "Rodriguez", "Striker", "Southampton", "1989-07-29", "England", "England"),
("0347", "Sadio", "Mane", "Striker", "Southampton", "1992-04-10", "Senegal", "Senegal"),
("0348", "Graziano", "Pelle", "Striker", "Southampton", "1985-07-15", "Italy", "Italy"),
("0349", "Emmanuel", "Mayuka", "Striker", "Southampton", "1990-10-21", "Zambia", "Zambia"),
("0350", "Sam", "Gallagher", "Striker", "Southampton", "1995-09-15", "England", NULL),
("0351", "Asmir", "Begovic", "Goalkeeper", "Stoke City", "1987-06-20", "Bosnia and Herzegovina", "Bosnia and Herzegovina"),
("0352", "Jack", "Butland", "Goalkeeper", "Stoke City", "1993-03-10", "England", "England"),
("0353", "Thomas", "Sorensen", "Goalkeeper", "Stoke City", "1976-06-12", "Denmark", "Denmark"),
("0354", "Phil", "Bardsley", "Defender", "Stoke City", "1985-06-28", "Scotland", "Scotland"),
("0355", "Erik", "Pieters", "Defender", "Stoke City", "1988-08-07", "Netherlands", "Netherlands"),
("0356", "Robert", "Huth", "Defender", "Stoke City", "1984-08-18", "Germany", "Germany"),
("0357", "Marc", "Muniesa", "Defender", "Stoke City", "1992-03-27", "Spain", NULL),
("0358", "Marc", "Wilson", "Defender", "Stoke City", "1987-08-17", "Rep. of Ireland", "Rep. of Ireland"),
("0359", "Ryan", "Shawcross", "Defender", "Stoke City", "1987-10-04", "England", "England"),
("0360", "Geoff", "Cameron", "Defender", "Stoke City", "1985-07-11", "USA", "USA"),
("0361", "Dionatan", "Teixeira", "Defender", "Stoke City", "1992-07-24", "Brazil", NULL),
("0362", "Andy", "Wilkinson", "Defender", "Stoke City", "1984-08-06", "England", NULL),
("0363", "Glenn", "Whelan", "Midfielder", "Stoke City", "1984-01-13", "Rep. of Ireland", "Rep. of Ireland"),
("0364", "Stephen", "Ireland", "Midfielder", "Stoke City", "1986-08-22", "Rep. of Ireland", "Rep. of Ireland"),
("0365", "Wilson", "Palacios", "Midfielder", "Stoke City", "1984-07-29", "Honduras", "Honduras"),
("0366", "Brek", "Shea", "Midfielder", "Stoke City", "1990-02-28", "USA", "USA"),
("0367", "Steven", "Nzonzi", "Midfielder", "Stoke City", "1988-12-15", "France", NULL),
("0368", "Charlie", "Adam", "Midfielder", "Stoke City", "1985-12-10", "Scotland", "Scotland"),
("0369", "Steve", "Sidwell", "Midfielder", "Stoke City", "1982-12-14", "England", NULL),
("0370", "Peter", "Odemwingie", "Striker", "Stoke City", "1981-07-15", "Uzbekistan", "Nigeria"),
("0371", "Marko", "Arnautovic", "Striker", "Stoke City", "1989-04-19", "Austria", "Austria"),
("0372", "Mame", "Diouf", "Striker", "Stoke City", "1987-12-16", "Senegal", "Senegal"),
("0373", "Jonathan", "Walters", "Midfielder", "Stoke City", "1983-09-20", "Rep. of Ireland", "Rep. of Ireland"),
("0374", "Peter", "Crouch", "Striker", "Stoke City", "1981-01-30", "England", "England"),
("0375", "Bojan", "Krkic", "Striker", "Stoke City", "1990-08-28", "Spain", "Spain"),
("0376", "Vito", "Mannone", "Goalkeeper", "Sunderland", "1988-03-02", "Italy", NULL),
("0377", "Costel", "Pantilimon", "Goalkeeper", "Sunderland", "1987-02-01", "Romania", "Romania"),
("0378", "Billy", "Jones", "Defender", "Sunderland", "1987-03-24", "England", NULL),
("0379", "Patrick", "vanAanholt", "Defender", "Sunderland", "1990-08-29", "Netherlands", "Netherlands"),
("0380", "Wes", "Brown", "Defender", "Sunderland", "1979-10-13", "England", "England"),
("0381", "Anthony", "Reveillere", "Defender", "Sunderland", "1979-10-10", "France", NULL),
("0382", "John", "O'Shea", "Defender", "Sunderland", "1981-04-30", "Rep. of Ireland", "Rep. of Ireland"),
("0383", "Santiago", "Vergini", "Defender", "Sunderland", "1988-08-03", "Argentina", "Argentina"),
("0384", "Sebastian", "Coates", "Defender", "Sunderland", "1990-10-07", "Uruguay", "Uruguay"),
("0385", "Valentin", "Roberge", "Defender", "Sunderland", "1987-06-09", "France", NULL),
("0386", "Jack", "Rodwell", "Midfielder", "Sunderland", "1991-03-11", "England", "England"),
("0387", "Jordi", "Gomez", "Midfielder", "Sunderland", "1985-05-24", "Spain", NULL),
("0388", "Will", "Buckley", "Midfielder", "Sunderland", "1989-10-21", "England", NULL),
("0389", "Sebastian", "Larsson", "Midfielder", "Sunderland", "1985-06-06", "Sweden", "Sweden"),
("0390", "Adam", "Johnson", "Midfielder", "Sunderland", "1987-07-14", "England", "England"),
("0391", "Emanuele", "Giaccherini", "Midfielder", "Sunderland", "1985-05-05", "Italy", "Italy"),
("0392", "Liam", "Bridcutt", "Midfielder", "Sunderland", "1989-05-08", "England", "Scotland"),
("0393", "Lee", "Cattermole", "Midfielder", "Sunderland", "1988-03-21", "England", NULL),
("0394", "Charis", "Mavrias", "Midfielder", "Sunderland", "1994-02-21", "Greece", "Greece"),
("0395", "Ricardo", "Alvarez", "Midfielder", "Sunderland", "1988-04-12", "Argentina", "Argentina"),
("0396", "El Hadji", "Ba", "Midfielder", "Sunderland", "1993-03-05", "Senegal", NULL),
("0397", "Steven", "Fletcher", "Striker", "Sunderland", "1987-03-26", "Scotland", "Scotland"),
("0398", "Connor", "Wickham", "Striker", "Sunderland", "1993-03-31", "England", NULL),
("0399", "Jozy", "Altidore", "Striker", "Sunderland", "1989-10-06", "USA", "USA"),
("0400", "Danny", "Graham", "Striker", "Sunderland", "1985-08-12", "England", NULL),
("0401", "Lukasz", "Fabianski", "Goalkeeper", "Swansea City", "1985-04-18", "Poland", "Poland"),
("0402", "Jordi", "Amat", "Defender", "Swansea City", "1992-03-21", "Spain", NULL),
("0403", "Neil", "Taylor", "Defender", "Swansea City", "1989-02-07", "Wales", "Wales"),
("0404", "Ki", "Sung-Yueng", "Midfielder", "Swansea City", "1989-01-24", "South Korea", "South Korea"),
("0405", "Alan", "Tate", "Defender", "Swansea City", "1982-09-02", "England", NULL),
("0406", "Ashley", "Williams", "Defender", "Swansea City", "1984-08-23", "England", "Wales"),
("0407", "Leon", "Britton", "Midfielder", "Swansea City", "1982-09-16", "England", NULL),
("0408", "Jonjo", "Shelvey", "Midfielder", "Swansea City", "1992-02-27", "England", NULL),
("0409", "Wilfried", "Bony", "Striker", "Swansea City", "1988-12-10", "Ivory Coast", "Ivory Coast"),
("0410", "Marvin", "Emnes", "Striker", "Swansea City", "1988-05-27", "Netherlands", NULL),
("0411", "Nathan", "Dyer", "Midfielder", "Swansea City", "1987-11-29", "England", NULL),
("0412", "David", "Cornell", "Goalkeeper", "Swansea City", "1991-03-28", "Wales", NULL),
("0413", "Tom", "Carroll", "Midfielder", "Swansea City", "1992-05-28", "England", NULL),
("0414", "Wayne", "Routledge", "Midfielder", "Swansea City", "1985-01-07", "England", NULL),
("0415", "Bafetimbi", "Gomeis", "Striker", "Swansea City", "1985-06-08", "France", "France"),
("0416", "Dwight", "Tiendalli", "Defender", "Swansea City", "1985-10-21", "Suriname", "Netherlands"),
("0417", "Jefferson", "Montero", "Midfielder", "Swansea City", "1989-09-01", "Ecuador", "Ecuador"),
("0418", "Angel", "Rangel", "Defender", "Swansea City", "1982-10-28", "Spain", NULL),
("0419", "Gylfi", "Sigurdsson", "Midfielder", "Swansea City", "1989-09-08", "Iceland", "Iceland"),
("0420", "Gerhard", "Tremmel", "Goalkeeper", "Swansea City", "1978-11-16", "Germany", NULL),
("0421", "Kyle", "Bartley", "Defender", "Swansea City", "1991-05-22", "England", NULL),
("0422", "Ashley", "Richards", "Defender", "Swansea City", "1991-04-12", "Wales", "Wales"),
("0423", "Federico", "Fernandez", "Defender", "Swansea City", "1989-02-21", "Argentina", "Argentina"),
("0424", "Rory", "Donnelly", "Striker", "Swansea City", "1992-02-18", "Northern Ireland", NULL),
("0425", "Liam", "Shepard", "Defender", "Swansea City", "1994-11-22", "Wales", NULL),
("0426", "Hugo", "Lloris", "Goalkeeper", "Tottenham Hotspur", "1986-12-26", "France", "France"),
("0427", "Kyle", "Walker", "Defender", "Tottenham Hotspur", "1990-05-28", "England", "England"),
("0428", "Danny", "Rose", "Defender", "Tottenham Hotspur", "1990-07-02", "England", NULL),
("0429", "Younes", "Kaboul", "Defender", "Tottenham Hotspur", "1986-01-04", "France", "France"),
("0430", "Jan", "Vertonghen", "Defender", "Tottenham Hotspur", "1987-04-24", "Belgium", "Belgium"),
("0431", "Vlad", "Chiriches", "Defender", "Tottenham Hotspur", "1989-11-14", "Romania", "Romania"),
("0432", "Aaron", "Lennon", "Midfielder", "Tottenham Hotspur", "1987-04-16", "England", "England"),
("0433", "Roberto", "Soldado", "Striker", "Tottenham Hotspur", "1985-05-27", "Spain", "Spain"),
("0434", "Emmanuel", "Adebayor", "Striker", "Tottenham Hotspur", "1984-02-26", "Togo", "Togo"),
("0435", "Erik", "Lamela", "Midfielder", "Tottenham Hotspur", "1992-03-04", "Argentina", "Argentina"),
("0436", "Michael", "Vorm", "Goalkeeper", "Tottenham Hotspur", "1983-10-20", "Netherlands", "Netherlands"),
("0437", "Kyle", "Naughton", "Defender", "Tottenham Hotspur", "1988-11-11", "England", NULL),
("0438", "Andros", "Townsend", "Midfielder", "Tottenham Hotspur", "1991-07-16", "England", "England"),
("0439", "Mousa", "Dembele", "Midfielder", "Tottenham Hotspur", "1987-07-16", "Belgium", "Belgium"),
("0440", "Federico", "Fazio", "Defender", "Tottenham Hotspur", "1987-03-17", "Argentina", "Argentina"),
("0441", "Nacer", "Chadli", "Midfielder", "Tottenham Hotspur", "1989-08-02", "Belgium", "Belgium"),
("0442", "Christian", "Eriksen", "Midfielder", "Tottenham Hotspur", "1992-02-14", "Denmark", "Denmark"),
("0443", "Brad", "Friedel", "Goalkeeper", "Tottenham Hotspur", "1971-05-18", "USA", "USA"),
("0444", "Benjamin", "Stambouli", "Midfielder", "Tottenham Hotspur", "1990-08-13", "France", NULL),
("0445", "Etienne", "Capoue", "Midfielder", "Tottenham Hotspur", "1988-07-11", "France", "France"),
("0446", "Benoit", "Assou-Ekotto", "Defender", "Tottenham Hotspur", "1984-03-24", "Cameroon", "Cameroon"),
("0447", "Ryan", "Mason", "Midfielder", "Tottenham Hotspur", "1991-06-13", "England", NULL),
("0448", "Cristian", "Ceballos", "Midfielder", "Tottenham Hotspur", "1992-12-03", "Spain", NULL),
("0449", "Harry", "Kane", "Striker", "Tottenham Hotspur", "1993-07-28", "England", NULL),
("0450", "Eric", "Dier", "Defender", "Tottenham Hotspur", "1994-01-15", "England", NULL),
("0451", "Ben", "Foster", "Goalkeeper", "West Bromwich Albion", "1983-04-03", "England", "England"),
("0452", "Jonas", "Olsson", "Defender", "West Bromwich Albion", "1983-03-10", "Sweden", "Sweden"),
("0453", "Chris", "Baird", "Defender", "West Bromwich Albion", "1982-02-25", "Northern Ireland", "Northern Ireland"),
("0454", "Claudio", "Yacob", "Midfielder", "West Bromwich Albion", "1987-07-18", "Argentina", "Argentina"),
("0455", "Joleon", "Lescott", "Defender", "West Bromwich Albion", "1982-08-16", "England", "England"),
("0456", "James", "Morrison", "Midfielder", "West Bromwich Albion", "1986-05-25", "Scotland", "Scotland"),
("0457", "Craig", "Gardener", "Midfielder", "West Bromwich Albion", "1986-11-25", "England", NULL),
("0458", "Brown", "Ideye", "Striker", "West Bromwich Albion", "1988-10-10", "Nigeria", "Nigeria"),
("0459", "Victor", "Anichebe", "Striker", "West Bromwich Albion", "1988-04-23", "Nigeria", "Nigeria"),
("0460", "Chris", "Brunt", "Midfielder", "West Bromwich Albion", "1984-12-14", "Northern Ireland", "Northern Ireland"),
("0461", "Boaz", "Myhill", "Goalkeeper", "West Bromwich Albion", "1982-11-09", "USA", "Wales"),
("0462", "Jason", "Davidson", "Defender", "West Bromwich Albion", "1991-06-29", "Australia", "Australia"),
("0463", "Sebastian", "Pocognoli", "Defender", "West Bromwich Albion", "1987-08-01", "Belgium", "Belgium"),
("0464", "Cristian", "Gamboa", "Defender", "West Bromwich Albion", "1989-10-24", "Costa Rica", "Costa Rica"),
("0465", "Graham", "Dorrans", "Midfielder", "West Bromwich Albion", "1987-05-5", "Scotland", "Scotland"),
("0466", "Andre", "Wisdom", "Defender", "West Bromwich Albion", "1988-01-05", "England", NULL),
("0467", "Liam", "O Neil", "Defender", "West Bromwich Albion", "1993-07-31", "England", NULL),
("0468", "Yossuf", "Mulumbu", "Midfielder", "West Bromwich Albion", "1987-01-25", "Congo", "Congo"),
("0469", "Gareth", "McAuley", "Defender", "West Bromwich Albion", "1979-12-05", "Northern Ireland", "Northern Ireland"),
("0470", "Craig", "Dawson", "Defender", "West Bromwich Albion", "1990-05-06", "England", NULL),
("0471", "Silvestre", "Varela", "Striker", "West Bromwich Albion", "1985-02-02", "Portugal", "Portugal"),
("0472", "Sebastian", "Blanco", "Midfielder", "West Bromwich Albion", "1988-03-15", "Argentina", "Argentina"),
("0473", "Stephane", "Sessegnon", "Midfielder", "West Bromwich Albion", "1984-06-01", "Benin", "Benin"),
("0474", "Georgios", "Samaras", "Striker", "West Bromwich Albion", "1985-02-21", "Greece", "Greece"),
("0475", "Saido", "Berahino", "Striker", "West Bromwich Albion", "1993-08-04", "Burundi", NULL),
("0476", "Winston", "Reid", "Defender", "West Ham", "1988-07-03", "New Zealand", "New Zealand"),
("0477", "Aaron", "Cresswell", "Defender", "West Ham", "1989-12-15", "England", NULL),
("0478", "Kevin", "Nolan", "Midfielder", "West Ham", "1982-06-24", "England", NULL),
("0479", "James", "Tomkins", "Defender", "West Ham", "1989-03-29", "England", NULL),
("0480", "Matthew", "Jarvis", "Midfielder", "West Ham", "1986-05-22", "England", "England"),
("0481", "Cheikhou", "Kouyate", "Midfielder", "West Ham", "1989-12-21", "Senegal", "Senegal"),
("0482", "Andy", "Carroll", "Striker", "West Ham", "1989-01-06", "England", "England"),
("0483", "Mauro", "Zarate", "Striker", "West Ham", "1987-03-18", "Argentina", NULL),
("0484", "Stewart", "Downing", "Midfielder", "West Ham", "1984-07-22", "England", "England"),
("0485", "Ricardo", "Vaz Te", "Striker", "West Ham", "1986-10-01", "Portugal", NULL),
("0486", NULL, "Adrian", "Goalkeeper", "West Ham", "1987-01-03", "Spain", NULL),
("0487", "Diafro", "Sakho", "Striker", "West Ham", "1989-12-24", "Senegal", "Senegal"),
("0488", "Mark", "Noble", "Midfielder", "West Ham", "1987-05-08", "England", NULL),
("0489", "Joey", "O Brien", "Defender", "West Ham", "1986-02-17", "Rep. of Ireland", "Rep. of Ireland"),
("0490", "Carl", "Jenkinson", "Defender", "West Ham", "1992-02-08", "England", "England"),
("0491", "James", "Collins", "Defender", "West Ham", "1983-08-23", "Wales", "Wales"),
("0492", "Guy", "Demel", "Defender", "West Ham", "1981-06-13", "France", "Ivory Coast"),
("0493", "Morgan", "Amalfitano", "Midfielder", "West Ham", "1985-03-20", "France", "France"),
("0494", "Jussi", "Jaaskelainen", "Goalkeeper", "West Ham", "1974-04-19", "Finland", "Finland"),
("0495", "Carlton", "Cole", "Striker", "West Ham", "1983-10-12", "England", "England"),
("0496", "Alex", "Song", "Midfielder", "West Ham", "1987-09-09", "Cameroon", "Cameroon"),
("0497", "Enner", "Valencia", "Striker", "West Ham", "1989-11-04", "Ecuador", "Ecuador"),
("0498", "Raphael", "Spiegel", "Goalkeeper", "West Ham", "1992-12-19", "Switzerland", NULL),
("0499", "Reece", "Oxford", "Defender", "West Ham", "1998-12-16", "England", NULL),
("0500", "Diego", "Poyet", "Midfielder", "West Ham", "1995-04-08", "Spain", NULL);


insert into fantasyTeam (team_id, team_name, user_id) values
("t001", "Kevin Team 1", "0001"),
("t002", "Ciaran Team 1", "0002"),
("t003", "Liam Team 1", "0003"),
("t004", "Fergus Team 1", "0004"),
("t005", "Peter Team 1", "0005"),
("t006", "David Team 1", "0006"),
("t007", "Kevin Team 2", "0007"),
("t008", "Ciaran Team 2", "0008"),
("t009", "Liam Team 2", "0009"),
("t010", "Fergus Team 2", "0010"),
("t011", "Peter Team 2", "0011"),
("t012", "David Team 2", "0012");



insert into fantasyTeamLeague (team_id, league_id) values
("t001", "l001"),
("t002", "l001"),
("t003", "l001"),
("t004", "l001"),
("t005", "l001"),
("t006", "l001"),
("t007", "l001"),
("t008", "l001"),
("t009", "l001"),
("t010", "l001"),
("t011", "l001"),
("t012", "l001");


insert into squad (team_id, player_id, in_first_team, game_week) values
("t001", "0026", 1, "g01"),
("t001", "0008", 1, "g01"),
("t001", "0406", 1, "g01"),
("t001", "0081", 1, "g01"),
("t001", "0131", 1, "g01"),
("t001", "0021", 1, "g01"),
("t001", "0085", 1, "g01"),
("t001", "0115", 1, "g01"),
("t001", "0460", 1, "g01"),
("t001", "0475", 1, "g01"),
("t001", "0273", 1, "g01"),
("t001", "0051", 0, "g01"),
("t001", "0283", 0, "g01"),
("t001", "0336", 0, "g01"),
("t001", "0192", 0, "g01"),
("t002", "0251", 1, "g01"),
("t002", "0128", 1, "g01"),
("t002", "0080", 1, "g01"),
("t002", "0004", 1, "g01"),
("t002", "0034", 1, "g01"),
("t002", "0338", 1, "g01"),
("t002", "0247", 1, "g01"),
("t002", "0212", 1, "g01"),
("t002", "0441", 1, "g01"),
("t002", "0249", 1, "g01"),
("t002", "0295", 1, "g01"),
("t002", "0426", 0, "g01"),
("t002", "0382", 0, "g01"),
("t002", "0414", 0, "g01"),
("t002", "0348", 0, "g01"),
("t003", "0451", 1, "g01"),
("t003", "0403", 1, "g01"),
("t003", "0143", 1, "g01"),
("t003", "0329", 1, "g01"),
("t003", "0079", 1, "g01"),
("t003", "0442", 1, "g01"),
("t003", "0419", 1, "g01"),
("t003", "0389", 1, "g01"),
("t003", "0261", 1, "g01"),
("t003", "0487", 1, "g01"),
("t003", "0146", 1, "g01"),
("t003", "0077", 0, "g01"),
("t003", "0477", 0, "g01"),
("t003", "0214", 0, "g01"),
("t003", "0045", 0, "g01"),
("t004", "0327", 1, "g01"),
("t004", "0079", 1, "g01"),
("t004", "0128", 1, "g01"),
("t004", "0329", 1, "g01"),
("t004", "0334", 1, "g01"),
("t004", "0021", 1, "g01"),
("t004", "0085", 1, "g01"),
("t004", "0088", 1, "g01"),
("t004", "0419", 1, "g01"),
("t004", "0249", 1, "g01"),
("t004", "0348", 1, "g01"),
("t004", "0226", 0, "g01"),
("t004", "0283", 0, "g01"),
("t004", "0484", 0, "g01"),
("t004", "0323", 0, "g01"),
("t005", "0101", 1, "g01"),
("t005", "0304", 1, "g01"),
("t005", "0056", 1, "g01"),
("t005", "0450", 1, "g01"),
("t005", "0106", 1, "g01"),
("t005", "0093", 1, "g01"),
("t005", "0460", 1, "g01"),
("t005", "0465", 1, "g01"),
("t005", "0164", 1, "g01"),
("t005", "0324", 1, "g01"),
("t005", "0096", 1, "g01"),
("t005", "0451", 0, "g01"),
("t005", "0034", 0, "g01"),
("t005", "0404", 0, "g01"),
("t005", "0434", 0, "g01"),
("t006", "0401", 1, "g01"),
("t006", "0083", 1, "g01"),
("t006", "0470", 1, "g01"),
("t006", "0285", 1, "g01"),
("t006", "0231", 1, "g01"),
("t006", "0219", 1, "g01"),
("t006", "0018", 1, "g01"),
("t006", "0262", 1, "g01"),
("t006", "0247", 1, "g01"),
("t006", "0136", 1, "g01"),
("t006", "0497", 1, "g01"),
("t006", "0426", 0, "g01"),
("t006", "0034", 0, "g01"),
("t006", "0107", 0, "g01"),
("t006", "0250", 0, "g01"),
("t007", "0251", 1, "g01"),
("t007", "0332", 1, "g01"),
("t007", "0334", 1, "g01"),
("t007", "0004", 1, "g01"),
("t007", "0234", 1, "g01"),
("t007", "0088", 1, "g01"),
("t007", "0484", 1, "g01"),
("t007", "0314", 1, "g01"),
("t007", "0261", 1, "g01"),
("t007", "0409", 1, "g01"),
("t007", "0274", 1, "g01"),
("t007", "0035", 0, "g01"),
("t007", "0034", 0, "g01"),
("t007", "0442", 0, "g01"),
("t007", "0184", 0, "g01"),
("t008", "0327", 1, "g01"),
("t008", "0079", 1, "g01"),
("t008", "0283", 1, "g01"),
("t008", "0131", 1, "g01"),
("t008", "0008", 1, "g01"),
("t008", "0214", 1, "g01"),
("t008", "0021", 1, "g01"),
("t008", "0339", 1, "g01"),
("t008", "0441", 1, "g01"),
("t008", "0273", 1, "g01"),
("t008", "0397", 1, "g01"),
("t008", "0026", 0, "g01"),
("t008", "0053", 0, "g01"),
("t008", "0404", 0, "g01"),
("t008", "0372", 0, "g01"),
("t009", "0077", 1, "g01"),
("t009", "0080", 1, "g01"),
("t009", "0382", 1, "g01"),
("t009", "0234", 1, "g01"),
("t009", "0279", 1, "g01"),
("t009", "0411", 1, "g01"),
("t009", "0018", 1, "g01"),
("t009", "0087", 1, "g01"),
("t009", "0442", 1, "g01"),
("t009", "0249", 1, "g01"),
("t009", "0098", 1, "g01"),
("t009", "0101", 0, "g01"),
("t009", "0477", 0, "g01"),
("t009", "0389", 0, "g01"),
("t009", "0487", 0, "g01"),
("t010", "0251", 1, "g01"),
("t010", "0143", 1, "g01"),
("t010", "0329", 1, "g01"),
("t010", "0081", 1, "g01"),
("t010", "0403", 1, "g01"),
("t010", "0219", 1, "g01"),
("t010", "0085", 1, "g01"),
("t010", "0247", 1, "g01"),
("t010", "0262", 1, "g01"),
("t010", "0323", 1, "g01"),
("t010", "0146", 1, "g01"),
("t010", "0226", 0, "g01"),
("t010", "0035", 0, "g01"),
("t010", "0336", 0, "g01"),
("t010", "0074", 0, "g01"),
("t001", "0026", 1, "g02"),
("t001", "0008", 1, "g02"),
("t001", "0406", 1, "g02"),
("t001", "0081", 1, "g02"),
("t001", "0131", 1, "g02"),
("t001", "0021", 1, "g02"),
("t001", "0085", 1, "g02"),
("t001", "0115", 1, "g02"),
("t001", "0460", 1, "g02"),
("t001", "0475", 1, "g02"),
("t001", "0273", 1, "g02"),
("t001", "0051", 0, "g02"),
("t001", "0283", 0, "g02"),
("t001", "0336", 0, "g02"),
("t001", "0192", 0, "g02"),
("t002", "0251", 1, "g02"),
("t002", "0128", 1, "g02"),
("t002", "0080", 1, "g02"),
("t002", "0004", 1, "g02"),
("t002", "0034", 1, "g02"),
("t002", "0338", 1, "g02"),
("t002", "0247", 1, "g02"),
("t002", "0212", 1, "g02"),
("t002", "0441", 1, "g02"),
("t002", "0249", 1, "g02"),
("t002", "0295", 1, "g02"),
("t002", "0426", 0, "g02"),
("t002", "0382", 0, "g02"),
("t002", "0414", 0, "g02"),
("t002", "0348", 0, "g02"),
("t003", "0451", 1, "g02"),
("t003", "0403", 1, "g02"),
("t003", "0143", 1, "g02"),
("t003", "0329", 1, "g02"),
("t003", "0079", 1, "g02"),
("t003", "0442", 1, "g02"),
("t003", "0419", 1, "g02"),
("t003", "0389", 1, "g02"),
("t003", "0261", 1, "g02"),
("t003", "0487", 1, "g02"),
("t003", "0146", 1, "g02"),
("t003", "0077", 0, "g02"),
("t003", "0477", 0, "g02"),
("t003", "0214", 0, "g02"),
("t003", "0045", 0, "g02"),
("t004", "0327", 1, "g02"),
("t004", "0079", 1, "g02"),
("t004", "0128", 1, "g02"),
("t004", "0329", 1, "g02"),
("t004", "0334", 1, "g02"),
("t004", "0021", 1, "g02"),
("t004", "0085", 1, "g02"),
("t004", "0088", 1, "g02"),
("t004", "0419", 1, "g02"),
("t004", "0249", 1, "g02"),
("t004", "0348", 1, "g02"),
("t004", "0226", 0, "g02"),
("t004", "0283", 0, "g02"),
("t004", "0484", 0, "g02"),
("t004", "0323", 0, "g02"),
("t005", "0101", 1, "g02"),
("t005", "0304", 1, "g02"),
("t005", "0056", 1, "g02"),
("t005", "0450", 1, "g02"),
("t005", "0106", 1, "g02"),
("t005", "0093", 1, "g02"),
("t005", "0460", 1, "g02"),
("t005", "0465", 1, "g02"),
("t005", "0164", 1, "g02"),
("t005", "0324", 1, "g02"),
("t005", "0096", 1, "g02"),
("t005", "0451", 0, "g02"),
("t005", "0034", 0, "g02"),
("t005", "0404", 0, "g02"),
("t005", "0434", 0, "g02"),
("t006", "0401", 1, "g02"),
("t006", "0083", 1, "g02"),
("t006", "0470", 1, "g02"),
("t006", "0285", 1, "g02"),
("t006", "0231", 1, "g02"),
("t006", "0219", 1, "g02"),
("t006", "0018", 1, "g02"),
("t006", "0262", 1, "g02"),
("t006", "0247", 1, "g02"),
("t006", "0136", 1, "g02"),
("t006", "0497", 1, "g02"),
("t006", "0426", 0, "g02"),
("t006", "0034", 0, "g02"),
("t006", "0107", 0, "g02"),
("t006", "0250", 0, "g02"),
("t007", "0251", 1, "g02"),
("t007", "0332", 1, "g02"),
("t007", "0334", 1, "g02"),
("t007", "0004", 1, "g02"),
("t007", "0234", 1, "g02"),
("t007", "0088", 1, "g02"),
("t007", "0484", 1, "g02"),
("t007", "0314", 1, "g02"),
("t007", "0261", 1, "g02"),
("t007", "0409", 1, "g02"),
("t007", "0274", 1, "g02"),
("t007", "0035", 0, "g02"),
("t007", "0034", 0, "g02"),
("t007", "0442", 0, "g02"),
("t007", "0184", 0, "g02"),
("t008", "0327", 1, "g02"),
("t008", "0079", 1, "g02"),
("t008", "0283", 1, "g02"),
("t008", "0131", 1, "g02"),
("t008", "0008", 1, "g02"),
("t008", "0214", 1, "g02"),
("t008", "0021", 1, "g02"),
("t008", "0339", 1, "g02"),
("t008", "0441", 1, "g02"),
("t008", "0273", 1, "g02"),
("t008", "0397", 1, "g02"),
("t008", "0026", 0, "g02"),
("t008", "0053", 0, "g02"),
("t008", "0404", 0, "g02"),
("t008", "0372", 0, "g02"),
("t009", "0077", 1, "g02"),
("t009", "0080", 1, "g02"),
("t009", "0382", 1, "g02"),
("t009", "0234", 1, "g02"),
("t009", "0279", 1, "g02"),
("t009", "0411", 1, "g02"),
("t009", "0018", 1, "g02"),
("t009", "0087", 1, "g02"),
("t009", "0442", 1, "g02"),
("t009", "0249", 1, "g02"),
("t009", "0098", 1, "g02"),
("t009", "0101", 0, "g02"),
("t009", "0477", 0, "g02"),
("t009", "0389", 0, "g02"),
("t009", "0487", 0, "g02"),
("t010", "0251", 1, "g02"),
("t010", "0143", 1, "g02"),
("t010", "0329", 1, "g02"),
("t010", "0081", 1, "g02"),
("t010", "0403", 1, "g02"),
("t010", "0219", 1, "g02"),
("t010", "0085", 1, "g02"),
("t010", "0247", 1, "g02"),
("t010", "0262", 1, "g02"),
("t010", "0323", 1, "g02"),
("t010", "0146", 1, "g02"),
("t010", "0226", 0, "g02"),
("t010", "0035", 0, "g02"),
("t010", "0336", 0, "g02"),
("t010", "0074", 0, "g02"),
("t001", "0026", 1, "g03"),
("t001", "0008", 1, "g03"),
("t001", "0406", 1, "g03"),
("t001", "0081", 1, "g03"),
("t001", "0131", 1, "g03"),
("t001", "0021", 1, "g03"),
("t001", "0085", 1, "g03"),
("t001", "0115", 1, "g03"),
("t001", "0460", 1, "g03"),
("t001", "0475", 1, "g03"),
("t001", "0273", 1, "g03"),
("t001", "0051", 0, "g03"),
("t001", "0283", 0, "g03"),
("t001", "0336", 0, "g03"),
("t001", "0192", 0, "g03"),
("t002", "0251", 1, "g03"),
("t002", "0128", 1, "g03"),
("t002", "0080", 1, "g03"),
("t002", "0004", 1, "g03"),
("t002", "0034", 1, "g03"),
("t002", "0338", 1, "g03"),
("t002", "0247", 1, "g03"),
("t002", "0212", 1, "g03"),
("t002", "0441", 1, "g03"),
("t002", "0249", 1, "g03"),
("t002", "0295", 1, "g03"),
("t002", "0426", 0, "g03"),
("t002", "0382", 0, "g03"),
("t002", "0414", 0, "g03"),
("t002", "0348", 0, "g03"),
("t003", "0451", 1, "g03"),
("t003", "0403", 1, "g03"),
("t003", "0143", 1, "g03"),
("t003", "0329", 1, "g03"),
("t003", "0079", 1, "g03"),
("t003", "0442", 1, "g03"),
("t003", "0419", 1, "g03"),
("t003", "0389", 1, "g03"),
("t003", "0261", 1, "g03"),
("t003", "0487", 1, "g03"),
("t003", "0146", 1, "g03"),
("t003", "0077", 0, "g03"),
("t003", "0477", 0, "g03"),
("t003", "0214", 0, "g03"),
("t003", "0045", 0, "g03"),
("t004", "0327", 1, "g03"),
("t004", "0079", 1, "g03"),
("t004", "0128", 1, "g03"),
("t004", "0329", 1, "g03"),
("t004", "0334", 1, "g03"),
("t004", "0021", 1, "g03"),
("t004", "0085", 1, "g03"),
("t004", "0088", 1, "g03"),
("t004", "0419", 1, "g03"),
("t004", "0249", 1, "g03"),
("t004", "0348", 1, "g03"),
("t004", "0226", 0, "g03"),
("t004", "0283", 0, "g03"),
("t004", "0484", 0, "g03"),
("t004", "0323", 0, "g03"),
("t005", "0101", 1, "g03"),
("t005", "0304", 1, "g03"),
("t005", "0056", 1, "g03"),
("t005", "0450", 1, "g03"),
("t005", "0106", 1, "g03"),
("t005", "0093", 1, "g03"),
("t005", "0460", 1, "g03"),
("t005", "0465", 1, "g03"),
("t005", "0164", 1, "g03"),
("t005", "0324", 1, "g03"),
("t005", "0096", 1, "g03"),
("t005", "0451", 0, "g03"),
("t005", "0034", 0, "g03"),
("t005", "0404", 0, "g03"),
("t005", "0434", 0, "g03"),
("t006", "0401", 1, "g03"),
("t006", "0083", 1, "g03"),
("t006", "0470", 1, "g03"),
("t006", "0285", 1, "g03"),
("t006", "0231", 1, "g03"),
("t006", "0219", 1, "g03"),
("t006", "0018", 1, "g03"),
("t006", "0262", 1, "g03"),
("t006", "0247", 1, "g03"),
("t006", "0136", 1, "g03"),
("t006", "0497", 1, "g03"),
("t006", "0426", 0, "g03"),
("t006", "0034", 0, "g03"),
("t006", "0107", 0, "g03"),
("t006", "0250", 0, "g03"),
("t007", "0251", 1, "g03"),
("t007", "0332", 1, "g03"),
("t007", "0334", 1, "g03"),
("t007", "0004", 1, "g03"),
("t007", "0234", 1, "g03"),
("t007", "0088", 1, "g03"),
("t007", "0484", 1, "g03"),
("t007", "0314", 1, "g03"),
("t007", "0261", 1, "g03"),
("t007", "0409", 1, "g03"),
("t007", "0274", 1, "g03"),
("t007", "0035", 0, "g03"),
("t007", "0034", 0, "g03"),
("t007", "0442", 0, "g03"),
("t007", "0184", 0, "g03"),
("t008", "0327", 1, "g03"),
("t008", "0079", 1, "g03"),
("t008", "0283", 1, "g03"),
("t008", "0131", 1, "g03"),
("t008", "0008", 1, "g03"),
("t008", "0214", 1, "g03"),
("t008", "0021", 1, "g03"),
("t008", "0339", 1, "g03"),
("t008", "0441", 1, "g03"),
("t008", "0273", 1, "g03"),
("t008", "0397", 1, "g03"),
("t008", "0026", 0, "g03"),
("t008", "0053", 0, "g03"),
("t008", "0404", 0, "g03"),
("t008", "0372", 0, "g03"),
("t009", "0077", 1, "g03"),
("t009", "0080", 1, "g03"),
("t009", "0382", 1, "g03"),
("t009", "0234", 1, "g03"),
("t009", "0279", 1, "g03"),
("t009", "0411", 1, "g03"),
("t009", "0018", 1, "g03"),
("t009", "0087", 1, "g03"),
("t009", "0442", 1, "g03"),
("t009", "0249", 1, "g03"),
("t009", "0098", 1, "g03"),
("t009", "0101", 0, "g03"),
("t009", "0477", 0, "g03"),
("t009", "0389", 0, "g03"),
("t009", "0487", 0, "g03"),
("t010", "0251", 1, "g03"),
("t010", "0143", 1, "g03"),
("t010", "0329", 1, "g03"),
("t010", "0081", 1, "g03"),
("t010", "0403", 1, "g03"),
("t010", "0219", 1, "g03"),
("t010", "0085", 1, "g03"),
("t010", "0247", 1, "g03"),
("t010", "0262", 1, "g03"),
("t010", "0323", 1, "g03"),
("t010", "0146", 1, "g03"),
("t010", "0226", 0, "g03"),
("t010", "0035", 0, "g03"),
("t010", "0336", 0, "g03"),
("t010", "0074", 0, "g03"),
("t001", "0026", 1, "g04"),
("t001", "0008", 1, "g04"),
("t001", "0406", 1, "g04"),
("t001", "0081", 1, "g04"),
("t001", "0131", 1, "g04"),
("t001", "0021", 1, "g04"),
("t001", "0085", 1, "g04"),
("t001", "0115", 1, "g04"),
("t001", "0460", 1, "g04"),
("t001", "0475", 1, "g04"),
("t001", "0273", 1, "g04"),
("t001", "0051", 0, "g04"),
("t001", "0283", 0, "g04"),
("t001", "0336", 0, "g04"),
("t001", "0192", 0, "g04"),
("t002", "0251", 1, "g04"),
("t002", "0128", 1, "g04"),
("t002", "0080", 1, "g04"),
("t002", "0004", 1, "g04"),
("t002", "0034", 1, "g04"),
("t002", "0338", 1, "g04"),
("t002", "0247", 1, "g04"),
("t002", "0212", 1, "g04"),
("t002", "0441", 1, "g04"),
("t002", "0249", 1, "g04"),
("t002", "0295", 1, "g04"),
("t002", "0426", 0, "g04"),
("t002", "0382", 0, "g04"),
("t002", "0414", 0, "g04"),
("t002", "0348", 0, "g04"),
("t003", "0451", 1, "g04"),
("t003", "0403", 1, "g04"),
("t003", "0143", 1, "g04"),
("t003", "0329", 1, "g04"),
("t003", "0079", 1, "g04"),
("t003", "0442", 1, "g04"),
("t003", "0419", 1, "g04"),
("t003", "0389", 1, "g04"),
("t003", "0261", 1, "g04"),
("t003", "0487", 1, "g04"),
("t003", "0146", 1, "g04"),
("t003", "0077", 0, "g04"),
("t003", "0477", 0, "g04"),
("t003", "0214", 0, "g04"),
("t003", "0045", 0, "g04"),
("t004", "0327", 1, "g04"),
("t004", "0079", 1, "g04"),
("t004", "0128", 1, "g04"),
("t004", "0329", 1, "g04"),
("t004", "0334", 1, "g04"),
("t004", "0021", 1, "g04"),
("t004", "0085", 1, "g04"),
("t004", "0088", 1, "g04"),
("t004", "0419", 1, "g04"),
("t004", "0249", 1, "g04"),
("t004", "0348", 1, "g04"),
("t004", "0226", 0, "g04"),
("t004", "0283", 0, "g04"),
("t004", "0484", 0, "g04"),
("t004", "0323", 0, "g04"),
("t005", "0101", 1, "g04"),
("t005", "0304", 1, "g04"),
("t005", "0056", 1, "g04"),
("t005", "0450", 1, "g04"),
("t005", "0106", 1, "g04"),
("t005", "0093", 1, "g04"),
("t005", "0460", 1, "g04"),
("t005", "0465", 1, "g04"),
("t005", "0164", 1, "g04"),
("t005", "0324", 1, "g04"),
("t005", "0096", 1, "g04"),
("t005", "0451", 0, "g04"),
("t005", "0034", 0, "g04"),
("t005", "0404", 0, "g04"),
("t005", "0434", 0, "g04"),
("t006", "0401", 1, "g04"),
("t006", "0083", 1, "g04"),
("t006", "0470", 1, "g04"),
("t006", "0285", 1, "g04"),
("t006", "0231", 1, "g04"),
("t006", "0219", 1, "g04"),
("t006", "0018", 1, "g04"),
("t006", "0262", 1, "g04"),
("t006", "0247", 1, "g04"),
("t006", "0136", 1, "g04"),
("t006", "0497", 1, "g04"),
("t006", "0426", 0, "g04"),
("t006", "0034", 0, "g04"),
("t006", "0107", 0, "g04"),
("t006", "0250", 0, "g04"),
("t007", "0251", 1, "g04"),
("t007", "0332", 1, "g04"),
("t007", "0334", 1, "g04"),
("t007", "0004", 1, "g04"),
("t007", "0234", 1, "g04"),
("t007", "0088", 1, "g04"),
("t007", "0484", 1, "g04"),
("t007", "0314", 1, "g04"),
("t007", "0261", 1, "g04"),
("t007", "0409", 1, "g04"),
("t007", "0274", 1, "g04"),
("t007", "0035", 0, "g04"),
("t007", "0034", 0, "g04"),
("t007", "0442", 0, "g04"),
("t007", "0184", 0, "g04"),
("t008", "0327", 1, "g04"),
("t008", "0079", 1, "g04"),
("t008", "0283", 1, "g04"),
("t008", "0131", 1, "g04"),
("t008", "0008", 1, "g04"),
("t008", "0214", 1, "g04"),
("t008", "0021", 1, "g04"),
("t008", "0339", 1, "g04"),
("t008", "0441", 1, "g04"),
("t008", "0273", 1, "g04"),
("t008", "0397", 1, "g04"),
("t008", "0026", 0, "g04"),
("t008", "0053", 0, "g04"),
("t008", "0404", 0, "g04"),
("t008", "0372", 0, "g04"),
("t009", "0077", 1, "g04"),
("t009", "0080", 1, "g04"),
("t009", "0382", 1, "g04"),
("t009", "0234", 1, "g04"),
("t009", "0279", 1, "g04"),
("t009", "0411", 1, "g04"),
("t009", "0018", 1, "g04"),
("t009", "0087", 1, "g04"),
("t009", "0442", 1, "g04"),
("t009", "0249", 1, "g04"),
("t009", "0098", 1, "g04"),
("t009", "0101", 0, "g04"),
("t009", "0477", 0, "g04"),
("t009", "0389", 0, "g04"),
("t009", "0487", 0, "g04"),
("t010", "0251", 1, "g04"),
("t010", "0143", 1, "g04"),
("t010", "0329", 1, "g04"),
("t010", "0081", 1, "g04"),
("t010", "0403", 1, "g04"),
("t010", "0219", 1, "g04"),
("t010", "0085", 1, "g04"),
("t010", "0247", 1, "g04"),
("t010", "0262", 1, "g04"),
("t010", "0323", 1, "g04"),
("t010", "0146", 1, "g04"),
("t010", "0226", 0, "g04"),
("t010", "0035", 0, "g04"),
("t010", "0336", 0, "g04"),
("t010", "0074", 0, "g04"),
("t001", "0026", 1, "g05"),
("t001", "0008", 1, "g05"),
("t001", "0406", 1, "g05"),
("t001", "0081", 1, "g05"),
("t001", "0131", 1, "g05"),
("t001", "0021", 1, "g05"),
("t001", "0085", 1, "g05"),
("t001", "0115", 1, "g05"),
("t001", "0460", 1, "g05"),
("t001", "0475", 1, "g05"),
("t001", "0273", 1, "g05"),
("t001", "0051", 0, "g05"),
("t001", "0283", 0, "g05"),
("t001", "0336", 0, "g05"),
("t001", "0192", 0, "g05"),
("t002", "0251", 1, "g05"),
("t002", "0128", 1, "g05"),
("t002", "0080", 1, "g05"),
("t002", "0004", 1, "g05"),
("t002", "0034", 1, "g05"),
("t002", "0338", 1, "g05"),
("t002", "0247", 1, "g05"),
("t002", "0212", 1, "g05"),
("t002", "0441", 1, "g05"),
("t002", "0249", 1, "g05"),
("t002", "0295", 1, "g05"),
("t002", "0426", 0, "g05"),
("t002", "0382", 0, "g05"),
("t002", "0414", 0, "g05"),
("t002", "0348", 0, "g05"),
("t003", "0451", 1, "g05"),
("t003", "0403", 1, "g05"),
("t003", "0143", 1, "g05"),
("t003", "0329", 1, "g05"),
("t003", "0079", 1, "g05"),
("t003", "0442", 1, "g05"),
("t003", "0419", 1, "g05"),
("t003", "0389", 1, "g05"),
("t003", "0261", 1, "g05"),
("t003", "0487", 1, "g05"),
("t003", "0146", 1, "g05"),
("t003", "0077", 0, "g05"),
("t003", "0477", 0, "g05"),
("t003", "0214", 0, "g05"),
("t003", "0045", 0, "g05"),
("t004", "0327", 1, "g05"),
("t004", "0079", 1, "g05"),
("t004", "0128", 1, "g05"),
("t004", "0329", 1, "g05"),
("t004", "0334", 1, "g05"),
("t004", "0021", 1, "g05"),
("t004", "0085", 1, "g05"),
("t004", "0088", 1, "g05"),
("t004", "0419", 1, "g05"),
("t004", "0249", 1, "g05"),
("t004", "0348", 1, "g05"),
("t004", "0226", 0, "g05"),
("t004", "0283", 0, "g05"),
("t004", "0484", 0, "g05"),
("t004", "0323", 0, "g05"),
("t005", "0101", 1, "g05"),
("t005", "0304", 1, "g05"),
("t005", "0056", 1, "g05"),
("t005", "0450", 1, "g05"),
("t005", "0106", 1, "g05"),
("t005", "0093", 1, "g05"),
("t005", "0460", 1, "g05"),
("t005", "0465", 1, "g05"),
("t005", "0164", 1, "g05"),
("t005", "0324", 1, "g05"),
("t005", "0096", 1, "g05"),
("t005", "0451", 0, "g05"),
("t005", "0034", 0, "g05"),
("t005", "0404", 0, "g05"),
("t005", "0434", 0, "g05"),
("t006", "0401", 1, "g05"),
("t006", "0083", 1, "g05"),
("t006", "0470", 1, "g05"),
("t006", "0285", 1, "g05"),
("t006", "0231", 1, "g05"),
("t006", "0219", 1, "g05"),
("t006", "0018", 1, "g05"),
("t006", "0262", 1, "g05"),
("t006", "0247", 1, "g05"),
("t006", "0136", 1, "g05"),
("t006", "0497", 1, "g05"),
("t006", "0426", 0, "g05"),
("t006", "0034", 0, "g05"),
("t006", "0107", 0, "g05"),
("t006", "0250", 0, "g05"),
("t007", "0251", 1, "g05"),
("t007", "0332", 1, "g05"),
("t007", "0334", 1, "g05"),
("t007", "0004", 1, "g05"),
("t007", "0234", 1, "g05"),
("t007", "0088", 1, "g05"),
("t007", "0484", 1, "g05"),
("t007", "0314", 1, "g05"),
("t007", "0261", 1, "g05"),
("t007", "0409", 1, "g05"),
("t007", "0274", 1, "g05"),
("t007", "0035", 0, "g05"),
("t007", "0034", 0, "g05"),
("t007", "0442", 0, "g05"),
("t007", "0184", 0, "g05"),
("t008", "0327", 1, "g05"),
("t008", "0079", 1, "g05"),
("t008", "0283", 1, "g05"),
("t008", "0131", 1, "g05"),
("t008", "0008", 1, "g05"),
("t008", "0214", 1, "g05"),
("t008", "0021", 1, "g05"),
("t008", "0339", 1, "g05"),
("t008", "0441", 1, "g05"),
("t008", "0273", 1, "g05"),
("t008", "0397", 1, "g05"),
("t008", "0026", 0, "g05"),
("t008", "0053", 0, "g05"),
("t008", "0404", 0, "g05"),
("t008", "0372", 0, "g05"),
("t009", "0077", 1, "g05"),
("t009", "0080", 1, "g05"),
("t009", "0382", 1, "g05"),
("t009", "0234", 1, "g05"),
("t009", "0279", 1, "g05"),
("t009", "0411", 1, "g05"),
("t009", "0018", 1, "g05"),
("t009", "0087", 1, "g05"),
("t009", "0442", 1, "g05"),
("t009", "0249", 1, "g05"),
("t009", "0098", 1, "g05"),
("t009", "0101", 0, "g05"),
("t009", "0477", 0, "g05"),
("t009", "0389", 0, "g05"),
("t009", "0487", 0, "g05"),
("t010", "0251", 1, "g05"),
("t010", "0143", 1, "g05"),
("t010", "0329", 1, "g05"),
("t010", "0081", 1, "g05"),
("t010", "0403", 1, "g05"),
("t010", "0219", 1, "g05"),
("t010", "0085", 1, "g05"),
("t010", "0247", 1, "g05"),
("t010", "0262", 1, "g05"),
("t010", "0323", 1, "g05"),
("t010", "0146", 1, "g05"),
("t010", "0226", 0, "g05"),
("t010", "0035", 0, "g05"),
("t010", "0336", 0, "g05"),
("t010", "0074", 0, "g05"),
("t001", "0026", 1, "g06"),
("t001", "0008", 1, "g06"),
("t001", "0406", 1, "g06"),
("t001", "0081", 1, "g06"),
("t001", "0131", 1, "g06"),
("t001", "0021", 1, "g06"),
("t001", "0085", 1, "g06"),
("t001", "0115", 1, "g06"),
("t001", "0460", 1, "g06"),
("t001", "0475", 1, "g06"),
("t001", "0273", 1, "g06"),
("t001", "0051", 0, "g06"),
("t001", "0283", 0, "g06"),
("t001", "0336", 0, "g06"),
("t001", "0192", 0, "g06"),
("t002", "0251", 1, "g06"),
("t002", "0128", 1, "g06"),
("t002", "0080", 1, "g06"),
("t002", "0004", 1, "g06"),
("t002", "0034", 1, "g06"),
("t002", "0338", 1, "g06"),
("t002", "0247", 1, "g06"),
("t002", "0212", 1, "g06"),
("t002", "0441", 1, "g06"),
("t002", "0249", 1, "g06"),
("t002", "0295", 1, "g06"),
("t002", "0426", 0, "g06"),
("t002", "0382", 0, "g06"),
("t002", "0414", 0, "g06"),
("t002", "0348", 0, "g06"),
("t003", "0451", 1, "g06"),
("t003", "0403", 1, "g06"),
("t003", "0143", 1, "g06"),
("t003", "0329", 1, "g06"),
("t003", "0079", 1, "g06"),
("t003", "0442", 1, "g06"),
("t003", "0419", 1, "g06"),
("t003", "0389", 1, "g06"),
("t003", "0261", 1, "g06"),
("t003", "0487", 1, "g06"),
("t003", "0146", 1, "g06"),
("t003", "0077", 0, "g06"),
("t003", "0477", 0, "g06"),
("t003", "0214", 0, "g06"),
("t003", "0045", 0, "g06"),
("t004", "0327", 1, "g06"),
("t004", "0079", 1, "g06"),
("t004", "0128", 1, "g06"),
("t004", "0329", 1, "g06"),
("t004", "0334", 1, "g06"),
("t004", "0021", 1, "g06"),
("t004", "0085", 1, "g06"),
("t004", "0088", 1, "g06"),
("t004", "0419", 1, "g06"),
("t004", "0249", 1, "g06"),
("t004", "0348", 1, "g06"),
("t004", "0226", 0, "g06"),
("t004", "0283", 0, "g06"),
("t004", "0484", 0, "g06"),
("t004", "0323", 0, "g06"),
("t005", "0101", 1, "g06"),
("t005", "0304", 1, "g06"),
("t005", "0056", 1, "g06"),
("t005", "0450", 1, "g06"),
("t005", "0106", 1, "g06"),
("t005", "0093", 1, "g06"),
("t005", "0460", 1, "g06"),
("t005", "0465", 1, "g06"),
("t005", "0164", 1, "g06"),
("t005", "0324", 1, "g06"),
("t005", "0096", 1, "g06"),
("t005", "0451", 0, "g06"),
("t005", "0034", 0, "g06"),
("t005", "0404", 0, "g06"),
("t005", "0434", 0, "g06"),
("t006", "0401", 1, "g06"),
("t006", "0083", 1, "g06"),
("t006", "0470", 1, "g06"),
("t006", "0285", 1, "g06"),
("t006", "0231", 1, "g06"),
("t006", "0219", 1, "g06"),
("t006", "0018", 1, "g06"),
("t006", "0262", 1, "g06"),
("t006", "0247", 1, "g06"),
("t006", "0136", 1, "g06"),
("t006", "0497", 1, "g06"),
("t006", "0426", 0, "g06"),
("t006", "0034", 0, "g06"),
("t006", "0107", 0, "g06"),
("t006", "0250", 0, "g06"),
("t007", "0251", 1, "g06"),
("t007", "0332", 1, "g06"),
("t007", "0334", 1, "g06"),
("t007", "0004", 1, "g06"),
("t007", "0234", 1, "g06"),
("t007", "0088", 1, "g06"),
("t007", "0484", 1, "g06"),
("t007", "0314", 1, "g06"),
("t007", "0261", 1, "g06"),
("t007", "0409", 1, "g06"),
("t007", "0274", 1, "g06"),
("t007", "0035", 0, "g06"),
("t007", "0034", 0, "g06"),
("t007", "0442", 0, "g06"),
("t007", "0184", 0, "g06"),
("t008", "0327", 1, "g06"),
("t008", "0079", 1, "g06"),
("t008", "0283", 1, "g06"),
("t008", "0131", 1, "g06"),
("t008", "0008", 1, "g06"),
("t008", "0214", 1, "g06"),
("t008", "0021", 1, "g06"),
("t008", "0339", 1, "g06"),
("t008", "0441", 1, "g06"),
("t008", "0273", 1, "g06"),
("t008", "0397", 1, "g06"),
("t008", "0026", 0, "g06"),
("t008", "0053", 0, "g06"),
("t008", "0404", 0, "g06"),
("t008", "0372", 0, "g06"),
("t009", "0077", 1, "g06"),
("t009", "0080", 1, "g06"),
("t009", "0382", 1, "g06"),
("t009", "0234", 1, "g06"),
("t009", "0279", 1, "g06"),
("t009", "0411", 1, "g06"),
("t009", "0018", 1, "g06"),
("t009", "0087", 1, "g06"),
("t009", "0442", 1, "g06"),
("t009", "0249", 1, "g06"),
("t009", "0098", 1, "g06"),
("t009", "0101", 0, "g06"),
("t009", "0477", 0, "g06"),
("t009", "0389", 0, "g06"),
("t009", "0487", 0, "g06"),
("t010", "0251", 1, "g06"),
("t010", "0143", 1, "g06"),
("t010", "0329", 1, "g06"),
("t010", "0081", 1, "g06"),
("t010", "0403", 1, "g06"),
("t010", "0219", 1, "g06"),
("t010", "0085", 1, "g06"),
("t010", "0247", 1, "g06"),
("t010", "0262", 1, "g06"),
("t010", "0323", 1, "g06"),
("t010", "0146", 1, "g06"),
("t010", "0226", 0, "g06"),
("t010", "0035", 0, "g06"),
("t010", "0336", 0, "g06"),
("t010", "0074", 0, "g06"),
("t001", "0026", 1, "g07"),
("t001", "0008", 1, "g07"),
("t001", "0406", 1, "g07"),
("t001", "0081", 1, "g07"),
("t001", "0131", 1, "g07"),
("t001", "0021", 1, "g07"),
("t001", "0085", 1, "g07"),
("t001", "0115", 1, "g07"),
("t001", "0460", 1, "g07"),
("t001", "0475", 1, "g07"),
("t001", "0273", 1, "g07"),
("t001", "0051", 0, "g07"),
("t001", "0283", 0, "g07"),
("t001", "0336", 0, "g07"),
("t001", "0192", 0, "g07"),
("t002", "0251", 1, "g07"),
("t002", "0128", 1, "g07"),
("t002", "0080", 1, "g07"),
("t002", "0004", 1, "g07"),
("t002", "0034", 1, "g07"),
("t002", "0338", 1, "g07"),
("t002", "0247", 1, "g07"),
("t002", "0212", 1, "g07"),
("t002", "0441", 1, "g07"),
("t002", "0249", 1, "g07"),
("t002", "0295", 1, "g07"),
("t002", "0426", 0, "g07"),
("t002", "0382", 0, "g07"),
("t002", "0414", 0, "g07"),
("t002", "0348", 0, "g07"),
("t003", "0451", 1, "g07"),
("t003", "0403", 1, "g07"),
("t003", "0143", 1, "g07"),
("t003", "0329", 1, "g07"),
("t003", "0079", 1, "g07"),
("t003", "0442", 1, "g07"),
("t003", "0419", 1, "g07"),
("t003", "0389", 1, "g07"),
("t003", "0261", 1, "g07"),
("t003", "0487", 1, "g07"),
("t003", "0146", 1, "g07"),
("t003", "0077", 0, "g07"),
("t003", "0477", 0, "g07"),
("t003", "0214", 0, "g07"),
("t003", "0045", 0, "g07"),
("t004", "0327", 1, "g07"),
("t004", "0079", 1, "g07"),
("t004", "0128", 1, "g07"),
("t004", "0329", 1, "g07"),
("t004", "0334", 1, "g07"),
("t004", "0021", 1, "g07"),
("t004", "0085", 1, "g07"),
("t004", "0088", 1, "g07"),
("t004", "0419", 1, "g07"),
("t004", "0249", 1, "g07"),
("t004", "0348", 1, "g07"),
("t004", "0226", 0, "g07"),
("t004", "0283", 0, "g07"),
("t004", "0484", 0, "g07"),
("t004", "0323", 0, "g07"),
("t005", "0101", 1, "g07"),
("t005", "0304", 1, "g07"),
("t005", "0056", 1, "g07"),
("t005", "0450", 1, "g07"),
("t005", "0106", 1, "g07"),
("t005", "0093", 1, "g07"),
("t005", "0460", 1, "g07"),
("t005", "0465", 1, "g07"),
("t005", "0164", 1, "g07"),
("t005", "0324", 1, "g07"),
("t005", "0096", 1, "g07"),
("t005", "0451", 0, "g07"),
("t005", "0034", 0, "g07"),
("t005", "0404", 0, "g07"),
("t005", "0434", 0, "g07"),
("t006", "0401", 1, "g07"),
("t006", "0083", 1, "g07"),
("t006", "0470", 1, "g07"),
("t006", "0285", 1, "g07"),
("t006", "0231", 1, "g07"),
("t006", "0219", 1, "g07"),
("t006", "0018", 1, "g07"),
("t006", "0262", 1, "g07"),
("t006", "0247", 1, "g07"),
("t006", "0136", 1, "g07"),
("t006", "0497", 1, "g07"),
("t006", "0426", 0, "g07"),
("t006", "0034", 0, "g07"),
("t006", "0107", 0, "g07"),
("t006", "0250", 0, "g07"),
("t007", "0251", 1, "g07"),
("t007", "0332", 1, "g07"),
("t007", "0334", 1, "g07"),
("t007", "0004", 1, "g07"),
("t007", "0234", 1, "g07"),
("t007", "0088", 1, "g07"),
("t007", "0484", 1, "g07"),
("t007", "0314", 1, "g07"),
("t007", "0261", 1, "g07"),
("t007", "0409", 1, "g07"),
("t007", "0274", 1, "g07"),
("t007", "0035", 0, "g07"),
("t007", "0034", 0, "g07"),
("t007", "0442", 0, "g07"),
("t007", "0184", 0, "g07"),
("t008", "0327", 1, "g07"),
("t008", "0079", 1, "g07"),
("t008", "0283", 1, "g07"),
("t008", "0131", 1, "g07"),
("t008", "0008", 1, "g07"),
("t008", "0214", 1, "g07"),
("t008", "0021", 1, "g07"),
("t008", "0339", 1, "g07"),
("t008", "0441", 1, "g07"),
("t008", "0273", 1, "g07"),
("t008", "0397", 1, "g07"),
("t008", "0026", 0, "g07"),
("t008", "0053", 0, "g07"),
("t008", "0404", 0, "g07"),
("t008", "0372", 0, "g07"),
("t009", "0077", 1, "g07"),
("t009", "0080", 1, "g07"),
("t009", "0382", 1, "g07"),
("t009", "0234", 1, "g07"),
("t009", "0279", 1, "g07"),
("t009", "0411", 1, "g07"),
("t009", "0018", 1, "g07"),
("t009", "0087", 1, "g07"),
("t009", "0442", 1, "g07"),
("t009", "0249", 1, "g07"),
("t009", "0098", 1, "g07"),
("t009", "0101", 0, "g07"),
("t009", "0477", 0, "g07"),
("t009", "0389", 0, "g07"),
("t009", "0487", 0, "g07"),
("t010", "0251", 1, "g07"),
("t010", "0143", 1, "g07"),
("t010", "0329", 1, "g07"),
("t010", "0081", 1, "g07"),
("t010", "0403", 1, "g07"),
("t010", "0219", 1, "g07"),
("t010", "0085", 1, "g07"),
("t010", "0247", 1, "g07"),
("t010", "0262", 1, "g07"),
("t010", "0323", 1, "g07"),
("t010", "0146", 1, "g07"),
("t010", "0226", 0, "g07"),
("t010", "0035", 0, "g07"),
("t010", "0336", 0, "g07"),
("t010", "0074", 0, "g07"),
("t001", "0026", 1, "g08"),
("t001", "0008", 1, "g08"),
("t001", "0406", 1, "g08"),
("t001", "0081", 1, "g08"),
("t001", "0131", 1, "g08"),
("t001", "0021", 1, "g08"),
("t001", "0085", 1, "g08"),
("t001", "0115", 1, "g08"),
("t001", "0460", 1, "g08"),
("t001", "0475", 1, "g08"),
("t001", "0273", 1, "g08"),
("t001", "0051", 0, "g08"),
("t001", "0283", 0, "g08"),
("t001", "0336", 0, "g08"),
("t001", "0192", 0, "g08"),
("t002", "0251", 1, "g08"),
("t002", "0128", 1, "g08"),
("t002", "0080", 1, "g08"),
("t002", "0004", 1, "g08"),
("t002", "0034", 1, "g08"),
("t002", "0338", 1, "g08"),
("t002", "0247", 1, "g08"),
("t002", "0212", 1, "g08"),
("t002", "0441", 1, "g08"),
("t002", "0249", 1, "g08"),
("t002", "0295", 1, "g08"),
("t002", "0426", 0, "g08"),
("t002", "0382", 0, "g08"),
("t002", "0414", 0, "g08"),
("t002", "0348", 0, "g08"),
("t003", "0451", 1, "g08"),
("t003", "0403", 1, "g08"),
("t003", "0143", 1, "g08"),
("t003", "0329", 1, "g08"),
("t003", "0079", 1, "g08"),
("t003", "0442", 1, "g08"),
("t003", "0419", 1, "g08"),
("t003", "0389", 1, "g08"),
("t003", "0261", 1, "g08"),
("t003", "0487", 1, "g08"),
("t003", "0146", 1, "g08"),
("t003", "0077", 0, "g08"),
("t003", "0477", 0, "g08"),
("t003", "0214", 0, "g08"),
("t003", "0045", 0, "g08"),
("t004", "0327", 1, "g08"),
("t004", "0079", 1, "g08"),
("t004", "0128", 1, "g08"),
("t004", "0329", 1, "g08"),
("t004", "0334", 1, "g08"),
("t004", "0021", 1, "g08"),
("t004", "0085", 1, "g08"),
("t004", "0088", 1, "g08"),
("t004", "0419", 1, "g08"),
("t004", "0249", 1, "g08"),
("t004", "0348", 1, "g08"),
("t004", "0226", 0, "g08"),
("t004", "0283", 0, "g08"),
("t004", "0484", 0, "g08"),
("t004", "0323", 0, "g08"),
("t005", "0101", 1, "g08"),
("t005", "0304", 1, "g08"),
("t005", "0056", 1, "g08"),
("t005", "0450", 1, "g08"),
("t005", "0106", 1, "g08"),
("t005", "0093", 1, "g08"),
("t005", "0460", 1, "g08"),
("t005", "0465", 1, "g08"),
("t005", "0164", 1, "g08"),
("t005", "0324", 1, "g08"),
("t005", "0096", 1, "g08"),
("t005", "0451", 0, "g08"),
("t005", "0034", 0, "g08"),
("t005", "0404", 0, "g08"),
("t005", "0434", 0, "g08"),
("t006", "0401", 1, "g08"),
("t006", "0083", 1, "g08"),
("t006", "0470", 1, "g08"),
("t006", "0285", 1, "g08"),
("t006", "0231", 1, "g08"),
("t006", "0219", 1, "g08"),
("t006", "0018", 1, "g08"),
("t006", "0262", 1, "g08"),
("t006", "0247", 1, "g08"),
("t006", "0136", 1, "g08"),
("t006", "0497", 1, "g08"),
("t006", "0426", 0, "g08"),
("t006", "0034", 0, "g08"),
("t006", "0107", 0, "g08"),
("t006", "0250", 0, "g08"),
("t007", "0251", 1, "g08"),
("t007", "0332", 1, "g08"),
("t007", "0334", 1, "g08"),
("t007", "0004", 1, "g08"),
("t007", "0234", 1, "g08"),
("t007", "0088", 1, "g08"),
("t007", "0484", 1, "g08"),
("t007", "0314", 1, "g08"),
("t007", "0261", 1, "g08"),
("t007", "0409", 1, "g08"),
("t007", "0274", 1, "g08"),
("t007", "0035", 0, "g08"),
("t007", "0034", 0, "g08"),
("t007", "0442", 0, "g08"),
("t007", "0184", 0, "g08"),
("t008", "0327", 1, "g08"),
("t008", "0079", 1, "g08"),
("t008", "0283", 1, "g08"),
("t008", "0131", 1, "g08"),
("t008", "0008", 1, "g08"),
("t008", "0214", 1, "g08"),
("t008", "0021", 1, "g08"),
("t008", "0339", 1, "g08"),
("t008", "0441", 1, "g08"),
("t008", "0273", 1, "g08"),
("t008", "0397", 1, "g08"),
("t008", "0026", 0, "g08"),
("t008", "0053", 0, "g08"),
("t008", "0404", 0, "g08"),
("t008", "0372", 0, "g08"),
("t009", "0077", 1, "g08"),
("t009", "0080", 1, "g08"),
("t009", "0382", 1, "g08"),
("t009", "0234", 1, "g08"),
("t009", "0279", 1, "g08"),
("t009", "0411", 1, "g08"),
("t009", "0018", 1, "g08"),
("t009", "0087", 1, "g08"),
("t009", "0442", 1, "g08"),
("t009", "0249", 1, "g08"),
("t009", "0098", 1, "g08"),
("t009", "0101", 0, "g08"),
("t009", "0477", 0, "g08"),
("t009", "0389", 0, "g08"),
("t009", "0487", 0, "g08"),
("t010", "0251", 1, "g08"),
("t010", "0143", 1, "g08"),
("t010", "0329", 1, "g08"),
("t010", "0081", 1, "g08"),
("t010", "0403", 1, "g08"),
("t010", "0219", 1, "g08"),
("t010", "0085", 1, "g08"),
("t010", "0247", 1, "g08"),
("t010", "0262", 1, "g08"),
("t010", "0323", 1, "g08"),
("t010", "0146", 1, "g08"),
("t010", "0226", 0, "g08"),
("t010", "0035", 0, "g08"),
("t010", "0336", 0, "g08"),
("t010", "0074", 0, "g08"),
("t001", "0026", 1, "g09"),
("t001", "0008", 1, "g09"),
("t001", "0406", 1, "g09"),
("t001", "0081", 1, "g09"),
("t001", "0131", 1, "g09"),
("t001", "0021", 1, "g09"),
("t001", "0085", 1, "g09"),
("t001", "0115", 1, "g09"),
("t001", "0460", 1, "g09"),
("t001", "0475", 1, "g09"),
("t001", "0273", 1, "g09"),
("t001", "0051", 0, "g09"),
("t001", "0283", 0, "g09"),
("t001", "0336", 0, "g09"),
("t001", "0192", 0, "g09"),
("t002", "0251", 1, "g09"),
("t002", "0128", 1, "g09"),
("t002", "0080", 1, "g09"),
("t002", "0004", 1, "g09"),
("t002", "0034", 1, "g09"),
("t002", "0338", 1, "g09"),
("t002", "0247", 1, "g09"),
("t002", "0212", 1, "g09"),
("t002", "0441", 1, "g09"),
("t002", "0249", 1, "g09"),
("t002", "0295", 1, "g09"),
("t002", "0426", 0, "g09"),
("t002", "0382", 0, "g09"),
("t002", "0414", 0, "g09"),
("t002", "0348", 0, "g09"),
("t003", "0451", 1, "g09"),
("t003", "0403", 1, "g09"),
("t003", "0143", 1, "g09"),
("t003", "0329", 1, "g09"),
("t003", "0079", 1, "g09"),
("t003", "0442", 1, "g09"),
("t003", "0419", 1, "g09"),
("t003", "0389", 1, "g09"),
("t003", "0261", 1, "g09"),
("t003", "0487", 1, "g09"),
("t003", "0146", 1, "g09"),
("t003", "0077", 0, "g09"),
("t003", "0477", 0, "g09"),
("t003", "0214", 0, "g09"),
("t003", "0045", 0, "g09"),
("t004", "0327", 1, "g09"),
("t004", "0079", 1, "g09"),
("t004", "0128", 1, "g09"),
("t004", "0329", 1, "g09"),
("t004", "0334", 1, "g09"),
("t004", "0021", 1, "g09"),
("t004", "0085", 1, "g09"),
("t004", "0088", 1, "g09"),
("t004", "0419", 1, "g09"),
("t004", "0249", 1, "g09"),
("t004", "0348", 1, "g09"),
("t004", "0226", 0, "g09"),
("t004", "0283", 0, "g09"),
("t004", "0484", 0, "g09"),
("t004", "0323", 0, "g09"),
("t005", "0101", 1, "g09"),
("t005", "0304", 1, "g09"),
("t005", "0056", 1, "g09"),
("t005", "0450", 1, "g09"),
("t005", "0106", 1, "g09"),
("t005", "0093", 1, "g09"),
("t005", "0460", 1, "g09"),
("t005", "0465", 1, "g09"),
("t005", "0164", 1, "g09"),
("t005", "0324", 1, "g09"),
("t005", "0096", 1, "g09"),
("t005", "0451", 0, "g09"),
("t005", "0034", 0, "g09"),
("t005", "0404", 0, "g09"),
("t005", "0434", 0, "g09"),
("t006", "0401", 1, "g09"),
("t006", "0083", 1, "g09"),
("t006", "0470", 1, "g09"),
("t006", "0285", 1, "g09"),
("t006", "0231", 1, "g09"),
("t006", "0219", 1, "g09"),
("t006", "0018", 1, "g09"),
("t006", "0262", 1, "g09"),
("t006", "0247", 1, "g09"),
("t006", "0136", 1, "g09"),
("t006", "0497", 1, "g09"),
("t006", "0426", 0, "g09"),
("t006", "0034", 0, "g09"),
("t006", "0107", 0, "g09"),
("t006", "0250", 0, "g09"),
("t007", "0251", 1, "g09"),
("t007", "0332", 1, "g09"),
("t007", "0334", 1, "g09"),
("t007", "0004", 1, "g09"),
("t007", "0234", 1, "g09"),
("t007", "0088", 1, "g09"),
("t007", "0484", 1, "g09"),
("t007", "0314", 1, "g09"),
("t007", "0261", 1, "g09"),
("t007", "0409", 1, "g09"),
("t007", "0274", 1, "g09"),
("t007", "0035", 0, "g09"),
("t007", "0034", 0, "g09"),
("t007", "0442", 0, "g09"),
("t007", "0184", 0, "g09"),
("t008", "0327", 1, "g09"),
("t008", "0079", 1, "g09"),
("t008", "0283", 1, "g09"),
("t008", "0131", 1, "g09"),
("t008", "0008", 1, "g09"),
("t008", "0214", 1, "g09"),
("t008", "0021", 1, "g09"),
("t008", "0339", 1, "g09"),
("t008", "0441", 1, "g09"),
("t008", "0273", 1, "g09"),
("t008", "0397", 1, "g09"),
("t008", "0026", 0, "g09"),
("t008", "0053", 0, "g09"),
("t008", "0404", 0, "g09"),
("t008", "0372", 0, "g09"),
("t009", "0077", 1, "g09"),
("t009", "0080", 1, "g09"),
("t009", "0382", 1, "g09"),
("t009", "0234", 1, "g09"),
("t009", "0279", 1, "g09"),
("t009", "0411", 1, "g09"),
("t009", "0018", 1, "g09"),
("t009", "0087", 1, "g09"),
("t009", "0442", 1, "g09"),
("t009", "0249", 1, "g09"),
("t009", "0098", 1, "g09"),
("t009", "0101", 0, "g09"),
("t009", "0477", 0, "g09"),
("t009", "0389", 0, "g09"),
("t009", "0487", 0, "g09"),
("t010", "0251", 1, "g09"),
("t010", "0143", 1, "g09"),
("t010", "0329", 1, "g09"),
("t010", "0081", 1, "g09"),
("t010", "0403", 1, "g09"),
("t010", "0219", 1, "g09"),
("t010", "0085", 1, "g09"),
("t010", "0247", 1, "g09"),
("t010", "0262", 1, "g09"),
("t010", "0323", 1, "g09"),
("t010", "0146", 1, "g09"),
("t010", "0226", 0, "g09"),
("t010", "0035", 0, "g09"),
("t010", "0336", 0, "g09"),
("t010", "0074", 0, "g09"),
("t001", "0026", 1, "g10"),
("t001", "0008", 1, "g10"),
("t001", "0406", 1, "g10"),
("t001", "0081", 1, "g10"),
("t001", "0131", 1, "g10"),
("t001", "0021", 1, "g10"),
("t001", "0085", 1, "g10"),
("t001", "0115", 1, "g10"),
("t001", "0460", 1, "g10"),
("t001", "0475", 1, "g10"),
("t001", "0273", 1, "g10"),
("t001", "0051", 0, "g10"),
("t001", "0283", 0, "g10"),
("t001", "0336", 0, "g10"),
("t001", "0192", 0, "g10"),
("t002", "0251", 1, "g10"),
("t002", "0128", 1, "g10"),
("t002", "0080", 1, "g10"),
("t002", "0004", 1, "g10"),
("t002", "0034", 1, "g10"),
("t002", "0338", 1, "g10"),
("t002", "0247", 1, "g10"),
("t002", "0212", 1, "g10"),
("t002", "0441", 1, "g10"),
("t002", "0249", 1, "g10"),
("t002", "0295", 1, "g10"),
("t002", "0426", 0, "g10"),
("t002", "0382", 0, "g10"),
("t002", "0414", 0, "g10"),
("t002", "0348", 0, "g10"),
("t003", "0451", 1, "g10"),
("t003", "0403", 1, "g10"),
("t003", "0143", 1, "g10"),
("t003", "0329", 1, "g10"),
("t003", "0079", 1, "g10"),
("t003", "0442", 1, "g10"),
("t003", "0419", 1, "g10"),
("t003", "0389", 1, "g10"),
("t003", "0261", 1, "g10"),
("t003", "0487", 1, "g10"),
("t003", "0146", 1, "g10"),
("t003", "0077", 0, "g10"),
("t003", "0477", 0, "g10"),
("t003", "0214", 0, "g10"),
("t003", "0045", 0, "g10"),
("t004", "0327", 1, "g10"),
("t004", "0079", 1, "g10"),
("t004", "0128", 1, "g10"),
("t004", "0329", 1, "g10"),
("t004", "0334", 1, "g10"),
("t004", "0021", 1, "g10"),
("t004", "0085", 1, "g10"),
("t004", "0088", 1, "g10"),
("t004", "0419", 1, "g10"),
("t004", "0249", 1, "g10"),
("t004", "0348", 1, "g10"),
("t004", "0226", 0, "g10"),
("t004", "0283", 0, "g10"),
("t004", "0484", 0, "g10"),
("t004", "0323", 0, "g10"),
("t005", "0101", 1, "g10"),
("t005", "0304", 1, "g10"),
("t005", "0056", 1, "g10"),
("t005", "0450", 1, "g10"),
("t005", "0106", 1, "g10"),
("t005", "0093", 1, "g10"),
("t005", "0460", 1, "g10"),
("t005", "0465", 1, "g10"),
("t005", "0164", 1, "g10"),
("t005", "0324", 1, "g10"),
("t005", "0096", 1, "g10"),
("t005", "0451", 0, "g10"),
("t005", "0034", 0, "g10"),
("t005", "0404", 0, "g10"),
("t005", "0434", 0, "g10"),
("t006", "0401", 1, "g10"),
("t006", "0083", 1, "g10"),
("t006", "0470", 1, "g10"),
("t006", "0285", 1, "g10"),
("t006", "0231", 1, "g10"),
("t006", "0219", 1, "g10"),
("t006", "0018", 1, "g10"),
("t006", "0262", 1, "g10"),
("t006", "0247", 1, "g10"),
("t006", "0136", 1, "g10"),
("t006", "0497", 1, "g10"),
("t006", "0426", 0, "g10"),
("t006", "0034", 0, "g10"),
("t006", "0107", 0, "g10"),
("t006", "0250", 0, "g10"),
("t007", "0251", 1, "g10"),
("t007", "0332", 1, "g10"),
("t007", "0334", 1, "g10"),
("t007", "0004", 1, "g10"),
("t007", "0234", 1, "g10"),
("t007", "0088", 1, "g10"),
("t007", "0484", 1, "g10"),
("t007", "0314", 1, "g10"),
("t007", "0261", 1, "g10"),
("t007", "0409", 1, "g10"),
("t007", "0274", 1, "g10"),
("t007", "0035", 0, "g10"),
("t007", "0034", 0, "g10"),
("t007", "0442", 0, "g10"),
("t007", "0184", 0, "g10"),
("t008", "0327", 1, "g10"),
("t008", "0079", 1, "g10"),
("t008", "0283", 1, "g10"),
("t008", "0131", 1, "g10"),
("t008", "0008", 1, "g10"),
("t008", "0214", 1, "g10"),
("t008", "0021", 1, "g10"),
("t008", "0339", 1, "g10"),
("t008", "0441", 1, "g10"),
("t008", "0273", 1, "g10"),
("t008", "0397", 1, "g10"),
("t008", "0026", 0, "g10"),
("t008", "0053", 0, "g10"),
("t008", "0404", 0, "g10"),
("t008", "0372", 0, "g10"),
("t009", "0077", 1, "g10"),
("t009", "0080", 1, "g10"),
("t009", "0382", 1, "g10"),
("t009", "0234", 1, "g10"),
("t009", "0279", 1, "g10"),
("t009", "0411", 1, "g10"),
("t009", "0018", 1, "g10"),
("t009", "0087", 1, "g10"),
("t009", "0442", 1, "g10"),
("t009", "0249", 1, "g10"),
("t009", "0098", 1, "g10"),
("t009", "0101", 0, "g10"),
("t009", "0477", 0, "g10"),
("t009", "0389", 0, "g10"),
("t009", "0487", 0, "g10"),
("t010", "0251", 1, "g10"),
("t010", "0143", 1, "g10"),
("t010", "0329", 1, "g10"),
("t010", "0081", 1, "g10"),
("t010", "0403", 1, "g10"),
("t010", "0219", 1, "g10"),
("t010", "0085", 1, "g10"),
("t010", "0247", 1, "g10"),
("t010", "0262", 1, "g10"),
("t010", "0323", 1, "g10"),
("t010", "0146", 1, "g10"),
("t010", "0226", 0, "g10"),
("t010", "0035", 0, "g10"),
("t010", "0336", 0, "g10"),
("t010", "0074", 0, "g10");


insert into playsIn (player_id, fixture_id, game_points) values
("0327", "f008", "2"),
("0226", "f009", "6"),
("0426", "f006", "7"),
("0401", "f001", "3"),
("0026", "f004", "6"),
("0077", "f010", "2"),
("0251", "f001", "1"),
("0051", "f010", "1"),
("0451", "f005", "1"),
("0101", "f007", "2"),
("0327", "f014", "6"),
("0226", "f020", "3"),
("0426", "f018", "6"),
("0401", "f015", "6"),
("0026", "f011", "7"),
("0077", "f012", "7"),
("0251", "f019", "2"),
("0051", "f015", "3"),
("0451", "f014", "6"),
("0101", "f013", "2"),
("0021", "f007", "5"),
("0085", "f010", "11"),
("0088", "f010", "2"),
("0419", "f001", "13"),
("0484", "f006", "2"),
("0442", "f006", "3"),
("0219", "f008", "13"),
("0441", "f006", "0"),
("0087", "f010", "2"),
("0261", "f001", "0"),
("0338", "f008", "5"),
("0247", "f009", "3"),
("0115", "f007", "2"),
("0212", "f008", "2"),
("0389", "f005", "9"),
("0214", "f008", "5"),
("0262", "f001", "2"),
("0018", "f007", "10"),
("0314", "f003", "1"),
("0336", "f008", "1"),
("0414", "f001", "5"),
("0411", "f001", "1"),
("0107", "f007", "2"),
("0339", "f008", "2"),
("0373", "f004", "0"),
("0404", "f001", "8"),
("0164", "f003", "1"),
("0465", "f005", "1"),
("0460", "f005", "2"),
("0093", "f010", "1"),
("0021", "f016", "1"),
("0085", "f012", "6"),
("0088", "f012", "9"),
("0419", "f015", "5"),
("0484", "f013", "10"),
("0442", "f018", "3"),
("0219", "f020", "2"),
("0441", "f018", "15"),
("0087", "f012", "3"),
("0261", "f019", "0"),
("0338", "f014", "3"),
("0247", "f020", "1"),
("0115", "f013", "4"),
("0212", "f020", "4"),
("0389", "f019", "5"),
("0214", "f020", "2"),
("0262", "f019", "10"),
("0018", "f016", "9"),
("0314", "f018", "8"),
("0336", "f014", "3"),
("0414", "f015", "3"),
("0411", "f015", "10"),
("0107", "f013", "2"),
("0339", "f014", "3"),
("0373", "f017", "0"),
("0404", "f015", "3"),
("0164", "f017", "1"),
("0465", "f014", "3"),
("0460", "f014", "2"),
("0093", "f012", "1"),
("0249", "f010", "6"),
("0348", "f008", "2"),
("0098", "f010", "6"),
("0323", "f003", "0"),
("0192", "f002", "6"),
("0409", "f001", "2"),
("0475", "f005", "13"),
("0146", "f002", "2"),
("0487", "f006", "0"),
("0295", "f009", "0"),
("0025", "f007", "0"),
("0273", "f001", "7"),
("0045", "f004", "9"),
("0074", "f010", "2"),
("0274", "f001", "0"),
("0497", "f006", "1"),
("0397", "f005", "2"),
("0046", "f004", "1"),
("0374", "f004", "1"),
("0136", "f002", "9"),
("0184", "f002", "0"),
("0372", "f004", "2"),
("0165", "f003", "1"),
("0250", "f009", "2"),
("0398", "f005", "2"),
("0110", "f007", "2"),
("0300", "f009", "1"),
("0434", "f006", "2"),
("0096", "f010", "1"),
("0324", "f003", "0"),
("0249", "f020", "6"),
("0348", "f014", "2"),
("0098", "f012", "6"),
("0323", "f018", "0"),
("0192", "f012", "2"),
("0409", "f015", "2"),
("0475", "f014", "2"),
("0146", "f016", "2"),
("0487", "f013", "1"),
("0295", "f011", "0"),
("0025", "f016", "1"),
("0273", "f019", "2"),
("0045", "f011", "1"),
("0074", "f015", "2"),
("0274", "f019", "2"),
("0497", "f013", "0"),
("0397", "f019", "2"),
("0046", "f011", "2"),
("0374", "f017", "1"),
("0136", "f016", "9"),
("0184", "f012", "0"),
("0372", "f017", "1"),
("0165", "f017", "8"),
("0250", "f020", "13"),
("0398", "f019", "2"),
("0110", "f013", "2"),
("0300", "f011", "1"),
("0434", "f018", "12"),
("0096", "f012", "1"),
("0324", "f018", "0"),
("0403", "f001", "0"),
("0406", "f001", "2"),
("0128", "f002", "1"),
("0143", "f002", "1"),
("0131", "f002", "1"),
("0304", "f003", "2"),
("0034", "f004", "5"),
("0035", "f004", "6"),
("0470", "f005", "0"),
("0382", "f005", "1"),
("0450", "f006", "15"),
("0477", "f006", "2"),
("0106", "f007", "2"),
("0008", "f007", "0"),
("0004", "f007", "1"),
("0329", "f008", "9"),
("0334", "f008", "1"),
("0332", "f008", "1"),
("0283", "f009", "0"),
("0279", "f009", "1"),
("0285", "f009", "1"),
("0231", "f009", "0"),
("0234", "f009", "9"),
("0079", "f010", "10"),
("0081", "f010", "2"),
("0080", "f010", "2"),
("0083", "f010", "2"),
("0053", "f010", "1"),
("0056", "f010", "1"),
("0034", "f011", "6"),
("0035", "f011", "6"),
("0283", "f011", "8"),
("0279", "f011", "9"),
("0285", "f011", "7"),
("0079", "f012", "12"),
("0081", "f012", "8"),
("0080", "f012", "6"),
("0083", "f012", "6"),
("0106", "f013", "0"),
("0477", "f013", "2"),
("0329", "f014", "5"),
("0334", "f014", "6"),
("0332", "f014", "9"),
("0470", "f014", "6"),
("0053", "f015", "2"),
("0056", "f015", "2"),
("0403", "f015", "8"),
("0406", "f015", "9"),
("0008", "f016", "0"),
("0004", "f016", "0"),
("0128", "f016", "0"),
("0143", "f016", "7"),
("0131", "f016", "1"),
("0450", "f018", "14"),
("0304", "f018", "0"),
("0382", "f019", "2"),
("0231", "f020", "0"),
("0234", "f020", "2"),

("0051", "f021", "6"),
("0251", "f021", "7"),
("0226", "f022", "2"),
("0101", "f023", "1"),
("0401", "f025", "6"),
("0451", "f025", "2"),
("0327", "f026", "2"),
("0077", "f027", "2"),
("0026", "f028", "1"),
("0426", "f029", "2"),
("0226", "f031", "2"),
("0077", "f032", "1"),
("0401", "f032", "1"),
("0101", "f033", "15"),
("0051", "f033", "7"),
("0327", "f034", "7"),
("0426", "f036", "1"),
("0451", "f037", "1"),
("0026", "f038", "7"),
("0251", "f039", "6"),
("0026", "f042", "1"),
("0051", "f043", "8"),
("0401", "f045", "3"),
("0327", "f045", "6"),
("0251", "f047", "0"),
("0426", "f048", "3"),
("0451", "f048", "5"),
("0101", "f049", "1"),
("0226", "f050", "2"),
("0077", "f050", "3"),
("0077", "f052", "6"),
("0026", "f052", "2"),
("0101", "f053", "6"),
("0251", "f055", "3"),
("0327", "f056", "2"),
("0401", "f057", "7"),
("0426", "f058", "3"),
("0451", "f059", "6"),
("0051", "f059", "0"),
("0101", "f061", "1"),
("0051", "f062", "2"),
("0451", "f063", "2"),
("0401", "f065", "1"),
("0026", "f066", "2"),
("0226", "f066", "6"),
("0251", "f067", "8"),
("0077", "f068", "1"),
("0426", "f069", "9"),
("0327", "f069", "2"),
("0226", "f071", "9"),
("0426", "f071", "8"),
("0051", "f073", "1"),
("0101", "f074", "1"),
("0077", "f074", "3"),
("0026", "f075", "2"),
("0327", "f077", "6"),
("0401", "f079", "1"),
("0251", "f080", "1"),
("0226", "f081", "1"),
("0327", "f083", "6"),
("0451", "f085", "2"),
("0101", "f085", "1"),
("0401", "f086", "7"),
("0051", "f087", "2"),
("0426", "f088", "1"),
("0251", "f089", "3"),
("0077", "f089", "4"),
("0026", "f090", "1"),
("0051", "f092", "3"),
("0077", "f093", "2"),
("0401", "f094", "7"),
("0327", "f095", "6"),
("0451", "f096", "10"),
("0226", "f098", "6"),
("0251", "f098", "3"),
("0026", "f099", "2"),
("0426", "f099", "2"),
("0101", "f100", "2"),

-- strikers

("0249", "f022", "2"),
("0249", "f031", "6"),
("0249", "f050", "2"),
("0249", "f054", "8"),
("0249", "f066", "7"),
("0249", "f071", "19"),
("0249", "f081", "2"),
("0249", "f098", "8"),
("0348", "f026", "6"),
("0348", "f034", "13"),
("0348", "f045", "5"),
("0348", "f056", "9"),
("0348", "f069", "2"),
("0348", "f077", "15"),
("0348", "f083", "5"),
("0348", "f095", "2"),
("0098", "f027", "12"),
("0098", "f032", "17"),
("0098", "f050", "1"),
("0098", "f052", "6"),
("0098", "f068", "6"),
("0098", "f072", "0"),
("0098", "f089", "0"),
("0098", "f093", "2"),
("0323", "f024", "9"),
("0323", "f039", "1"),
("0323", "f041", "2"),
("0323", "f056", "6"),
("0323", "f070", "2"),
("0323", "f078", "5"),
("0323", "f090", "13"),
("0323", "f093", "6"),
("0192", "f030", "7"),
("0192", "f035", "9"),
("0192", "f047", "12"),
("0192", "f053", "2"),
("0192", "f062", "2"),
("0192", "f076", "1"),
("0192", "f086", "2"),
("0192", "f096", "1"),
("0409", "f025", "2"),
("0409", "f032", "4"),
("0409", "f045", "-2"),
("0409", "f057", "1"),
("0409", "f065", "6"),
("0409", "f079", "7"),
("0409", "f086", "13"),
("0409", "f094", "1"),
("0475", "f025", "2"),
("0475", "f037", "2"),
("0475", "f048", "2"),
("0475", "f059", "12"),
("0475", "f063", "6"),
("0475", "f080", "6"),
("0475", "f085", "7"),
("0475", "f096", "2"),
("0146", "f027", "2"),
("0146", "f037", "6"),
("0146", "f049", "8"),
("0146", "f051", "2"),
("0146", "f067", "2"),
("0146", "f075", "6"),
("0146", "f087", "6"),
("0146", "f094", "1"),
("0274", "f021", "2"),
("0274", "f039", "1"),
("0274", "f047", "6"),
("0274", "f055", "8"),
("0274", "f067", "1"),
("0274", "f080", "2"),
("0274", "f089", "6"),
("0274", "f098", "2"),
("0487", "f026", "0"),
("0487", "f040", "5"),
("0487", "f046", "9"),
("0487", "f055", "6"),
("0487", "f070", "8"),
("0487", "f073", "12"),
("0487", "f081", "8"),
("0487", "f097", "0"),
("0295", "f023", "0"),
("0295", "f034", "0"),
("0295", "f044", "12"),
("0295", "f060", "0"),
("0295", "f065", "13"),
("0295", "f076", "5"),
("0295", "f088", "0"),
("0295", "f091", "1"),
("0273", "f021", "2"),
("0273", "f039", "10"),
("0273", "f047", "4"),
("0273", "f055", "2"),
("0273", "f067", "0"),
("0273", "f080", "0"),
("0273", "f089", "0"),
("0273", "f098", "2"),
("0025", "f030", "1"),
("0025", "f031", "2"),
("0025", "f042", "12"),
("0025", "f058", "2"),
("0025", "f068", "1"),
("0025", "f072", "7"),
("0025", "f084", "1"),
("0025", "f092", "5"),
("0045", "f028", "12"),
("0045", "f038", "2"),
("0045", "f042", "1"),
("0045", "f052", "2"),
("0045", "f066", "2"),
("0045", "f075", "1"),
("0045", "f090", "1"),
("0045", "f099", "5"),
("0074", "f021", "2"),
("0074", "f033", "0"),
("0074", "f043", "0"),
("0074", "f059", "0"),
("0074", "f062", "0"),
("0074", "f073", "2"),
("0074", "f087", "7"),
("0074", "f092", "2"),
("0497", "f026", "1"),
("0497", "f040", "8"),
("0497", "f046", "2"),
("0497", "f055", "5"),
("0497", "f067", "2"),
("0497", "f073", "6"),
("0497", "f081", "5"),
("0497", "f097", "11"),
("0397", "f024", "2"),
("0397", "f036", "0"),
("0397", "f043", "0"),
("0397", "f057", "1"),
("0397", "f064", "15"),
("0397", "f077", "2"),
("0397", "f084", "1"),
("0397", "f100", "13"),
("0046", "f028", "8"),
("0046", "f038", "9"),
("0046", "f042", "2"),
("0046", "f052", "2"),
("0046", "f066", "0"),
("0046", "f075", "1"),
("0046", "f090", "2"),
("0046", "f099", "1"),
("0374", "f022", "2"),
("0374", "f035", "1"),
("0374", "f041", "12"),
("0374", "f060", "9"),
("0374", "f064", "2"),
("0374", "f079", "2"),
("0374", "f083", "2"),
("0374", "f097", "0"),
("0136", "f027", "6"),
("0136", "f037", "1"),
("0136", "f049", "0"),
("0136", "f051", "2"),
("0136", "f067", "8"),
("0136", "f075", "1"),
("0136", "f087", "1"),
("0136", "f094", "2"),
("0184", "f030", "1"),
("0184", "f035", "1"),
("0184", "f047", "21"),
("0184", "f053", "1"),
("0184", "f062", "1"),
("0184", "f076", "1"),
("0184", "f086", "2"),
("0184", "f096", "2"),
("0372", "f022", "9"),
("0372", "f035", "1"),
("0372", "f041", "5"),
("0372", "f060", "1"),
("0372", "f064", "0"),
("0372", "f079", "1"),
("0372", "f083", "1"),
("0372", "f097", "7"),
("0165", "f028", "6"),
("0165", "f040", "2"),
("0165", "f044", "6"),
("0165", "f054", "2"),
("0165", "f061", "6"),
("0165", "f072", "0"),
("0165", "f082", "0"),
("0165", "f095", "0"),
("0250", "f022", "2"),
("0250", "f031", "0"),
("0250", "f050", "0"),
("0250", "f054", "0"),
("0250", "f066", "0"),
("0250", "f071", "1"),
("0250", "f081", "1"),
("0250", "f098", "2"),
("0398", "f024", "2"),
("0398", "f036", "1"),
("0398", "f043", "2"),
("0398", "f057", "2"),
("0398", "f064", "11"),
("0398", "f077", "1"),
("0398", "f084", "0"),
("0398", "f100", "2"),
("0110", "f023", "1"),
("0110", "f033", "2"),
("0110", "f049", "7"),
("0110", "f053", "7"),
("0110", "f061", "1"),
("0110", "f074", "6"),
("0110", "f085", "2"),
("0110", "f100", "5"),
("0300", "f023", "1"),
("0300", "f034", "1"),
("0300", "f044", "1"),
("0300", "f060", "0"),
("0300", "f065", "1"),
("0300", "f076", "1"),
("0300", "f088", "8"),
("0300", "f091", "8"),
("0434", "f029", "2"),
("0434", "f036", "5"),
("0434", "f048", "2"),
("0434", "f058", "1"),
("0434", "f069", "2"),
("0434", "f071", "0"),
("0434", "f088", "9"),
("0434", "f099", "1"),
("0096", "f027", "1"),
("0096", "f032", "0"),
("0096", "f050", "1"),
("0096", "f052", "0"),
("0096", "f068", "0"),
("0096", "f072", "1"),
("0096", "f089", "8"),
("0096", "f093", "1"),
("0324", "f024", "0"),
("0324", "f039", "1"),
("0324", "f041", "2"),
("0324", "f056", "5"),
("0324", "f070", "0"),
("0324", "f078", "12"),
("0324", "f090", "5"),
("0324", "f093", "2"),

-- defenders final

("0008", "f031", "1"),
("0004", "f031", "1"),
("0231", "f031", "0"),
("0234", "f031", "1"),
("0079", "f032", "1"),
("0081", "f032", "1"),
("0080", "f032", "1"),
("0083", "f032", "0"),
("0403", "f032", "2"),
("0406", "f032", "0"),
("0106", "f033", "6"),
("0053", "f033", "6"),
("0056", "f033", "6"),
("0329", "f034", "6"),
("0334", "f034", "11"),
("0332", "f034", "6"),
("0283", "f034", "0"),
("0279", "f034", "10"),
("0285", "f034", "0"),
("0382", "f036", "1"),
("0450", "f036", "0"),
("0470", "f037", "1"),
("0128", "f037", "12"),
("0143", "f037", "6"),
("0131", "f037", "8"),
("0034", "f038", "5"),
("0035", "f038", "6"),
("0304", "f039", "0"),
("0477", "f040", "1"),

("0053", "f021", "6"),
("0056", "f021", "6"),
("0231", "f022", "0"),
("0234", "f022", "0"),
("0106", "f023", "4"),
("0283", "f023", "9"),
("0279", "f023", "1"),
("0285", "f023", "0"),
("0304", "f024", "6"),
("0382", "f024", "2"),
("0403", "f025", "6"),
("0406", "f025", "7"),
("0470", "f025", "1"),
("0477", "f026", "0"),
("0329", "f026", "5"),
("0334", "f026", "2"),
("0332", "f026", "2"),
("0128", "f027", "2"),
("0143", "f027", "0"),
("0131", "f027", "-1"),
("0079", "f027", "7"),
("0081", "f027", "7"),
("0083", "f027", "1"),
("0080", "f027", "1"),
("0034", "f028", "2"),
("0035", "f028", "2"),
("0450", "f029", "1"),
("0004", "f030", "8"),
("0008", "f030", "2"),

("0304", "f041", "9"),
("0034", "f042", "1"),
("0035", "f042", "-1"),
("0008", "f042", "6"),
("0004", "f042", "5"),
("0053", "f043", "8"),
("0056", "f043", "8"),
("0382", "f043", "5"),
("0283", "f044", "1"),
("0279", "f044", "0"),
("0285", "f044", "1"),
("0403", "f045", "2"),
("0406", "f045", "2"),
("0329", "f045", "8"),
("0334", "f045", "5"),
("0332", "f045", "7"),
("0477", "f046", "2"),
("0450", "f048", "2"),
("0470", "f048", "6"),
("0128", "f049", "10"),
("0143", "f049", "0"),
("0131", "f049", "1"),
("0106", "f049", "1"),
("0079", "f050", "1"),
("0081", "f050", "2"),
("0080", "f050", "2"),
("0083", "f050", "2"),
("0231", "f050", "-1"),
("0234", "f050", "0"),

("0128", "f051", "2"),
("0143", "f051", "0"),
("0131", "f051", "10"),
("0079", "f052", "6"),
("0081", "f052", "11"),
("0080", "f052", "5"),
("0083", "f052", "6"),
("0034", "f052", "1"),
("0035", "f052", "1"),
("0106", "f053", "12"),
("0231", "f054", "8"),
("0234", "f054", "0"),
("0477", "f055", "1"),
("0128", "f056", "1"),
("0143", "f056", "9"),
("0131", "f056", "2"),
("0304", "f056", "1"),
("0382", "f057", "8"),
("0403", "f057", "6"),
("0406", "f057", "5"),
("0008", "f058", "2"),
("0004", "f058", "1"),
("0450", "f058", "1"),
("0470", "f059", "13"),
("0053", "f059", "0"),
("0056", "f059", "0"),
("0283", "f060", "2"),
("0279", "f060", "2"),
("0285", "f060", "2"),

("0106", "f061", "1"),
("0053", "f062", "1"),
("0056", "f062", "1"),
("0470", "f063", "0"),
("0382", "f064", "2"),
("0403", "f065", "1"),
("0406", "f065", "1"),
("0283", "f065", "0"),
("0279", "f065", "0"),
("0285", "f065", "1"),
("0034", "f066", "1"),
("0035", "f066", "1"),
("0231", "f066", "6"),
("0234", "f066", "0"),
("0128", "f067", "2"),
("0143", "f067", "1"),
("0131", "f067", "0"),
("0079", "f068", "7"),
("0081", "f068", "7"),
("0080", "f068", "5"),
("0083", "f068", "6"),
("0008", "f068", "1"),
("0004", "f068", "0"),
("0329", "f069", "2"),
("0334", "f069", "2"),
("0332", "f069", "2"),
("0450", "f069", "1"),
("0477", "f070", "5"),
("0304", "f070", "1"),

("0231", "f071", "0"),
("0234", "f071", "2"),
("0450", "f071", "-1"),
("0008", "f072", "0"),
("0004", "f072", "6"),
("0053", "f073", "1"),
("0056", "f073", "1"),
("0477", "f073", "7"),
("0106", "f074", "0"),
("0079", "f074", "2"),
("0081", "f074", "-1"),
("0080", "f074", "2"),
("0083", "f074", "2"),
("0128", "f075", "15"),
("0143", "f075", "13"),
("0131", "f075", "14"),
("0034", "f075", "1"),
("0035", "f075", "1"),
("0283", "f076", "6"),
("0279", "f076", "7"),
("0285", "f076", "8"),
("0329", "f077", "6"),
("0334", "f077", "7"),
("0332", "f077", "6"),
("0382", "f077", "-2"),
("0304", "f078", "-1"),
("0403", "f079", "1"),
("0406", "f079", "1"),
("0470", "f080", "1"),

("0128", "f094", "7"),
("0143", "f094", "9"),
("0131", "f094", "9"),
("0329", "f095", "8"),
("0334", "f095", "6"),
("0332", "f095", "7"),
("0079", "f093", "2"),
("0081", "f093", "0"),
("0080", "f093", "2"),
("0083", "f093", "2"),
("0283", "f091", "5"),
("0279", "f091", "8"),
("0285", "f091", "6"),
("0231", "f098", "5"),
("0234", "f098", "12"),
("0477", "f097", "1"),
("0403", "f094", "6"),
("0406", "f094", "5"),
("0470", "f096", "8"),
("0008", "f092", "6"),
("0004", "f092", "18"),
("0053", "f092", "1"),
("0056", "f092", "1"),
("0034", "f099", "0"),
("0035", "f099", "0"),
("0382", "f100", "2"),
("0106", "f100", "1"),
("0450", "f099", "0"),
("0304", "f093", "1"),

("0231", "f081", "1"),
("0234", "f081", "1"),
("0477", "f081", "5"),
("0329", "f083", "7"),
("0334", "f083", "6"),
("0332", "f083", "8"),
("0008", "f084", "6"),
("0004", "f084", "7"),
("0382", "f084", "1"),
("0470", "f085", "1"),
("0106", "f085", "0"),
("0053", "f087", "1"),
("0056", "f087", "1"),
("0450", "f088", "1"),
("0283", "f088", "1"),
("0279", "f088", "2"),
("0285", "f088", "2"),
("0079", "f089", "-1"),
("0081", "f089", "0"),
("0080", "f089", "2"),
("0083", "f089", "2"),
("0304", "f090", "6"),
("0034", "f090", "0"),
("0035", "f090", "1"),

-- midfielders

("0021", "f030", "10"),
("0021", "f031", "6"),
("0021", "f042", "0"), 
("0021", "f058", "1"), 
("0021", "f068", "2"), 
("0021", "f072", "13"), 
("0021", "f084", "16"),
("0021", "f092", "16"),    
("0085", "f027", "4"),
("0085", "f032", "10"),
("0085", "f050", "2"),
("0085", "f052", "2"),
("0085", "f068", "6"),
("0085", "f074", "8"),
("0085", "f089", "6"),
("0085", "f093", "6"),
("0088", "f027", "5"),
("0088", "f032", "2"),
("0088", "f050", "7"),
("0088", "f052", "3"),
("0088", "f068", "11"),
("0088", "f074", "3"),
("0088", "f089", "2"),
("0088", "f093", "10"),
("0419", "f025", "11"),
("0419", "f032", "2"),
("0419", "f045", "2"),
("0419", "f057", "3"),
("0419", "f065", "10"),
("0419", "f079", "2"),
("0419", "f086", "4"),
("0419", "f094", "2"),
("0484", "f026", "2"),
("0484", "f040", "8"),
("0484", "f046", "5"),
("0484", "f055", "2"),
("0484", "f070", "8"),
("0484", "f073", "2"),
("0484", "f081", "2"),
("0484", "f097", "13"),
("0338", "f026", "2"),
("0338", "f034", "6"),
("0338", "f045", "3"),
("0338", "f056", "5"),
("0338", "f069", "1"),
("0338", "f077", "23"),
("0338", "f083", "3"),
("0338", "f097", "3"),
("0442", "f029", "1"),
("0442", "f036", "10"),
("0442", "f048", "2"),
("0442", "f058", "3"),
("0442", "f069", "11"),
("0442", "f070", "9"),
("0442", "f088", "2"),
("0442", "f099", "0"),
("0219", "f029", "7"),
("0219", "f038", "1"),
("0219", "f046", "10"),
("0219", "f051", "2"),
("0219", "f063", "5"),
("0219", "f078", "7"),
("0219", "f082", "2"),
("0219", "f091", "2"),
("0441", "f029", "2"),
("0441", "f036", "9"),
("0441", "f048", "3"),
("0441", "f058", "7"),
("0441", "f069", "6"),
("0441", "f070", "2"),
("0441", "f088", "2"),
("0441", "f099", "8"),
("0087", "f027", "0"),
("0087", "f032", "5"),
("0087", "f050", "0"),
("0087", "f052", "9"),
("0087", "f068", "2"),
("0087", "f074", "13"),
("0087", "f089", "2"),
("0087", "f093", "10"),
("0261", "f021", "3"),
("0261", "f039", "14"),
("0261", "f047", "11"),
("0261", "f055", "2"),
("0261", "f067", "13"),
("0261", "f080", "5"),
("0261", "f089", "2"),
("0261", "f098", "2"),
("0022", "f022", "1"),
("0022", "f031", "0"),
("0022", "f050", "1"),
("0022", "f054", "2"),
("0022", "f066", "11"),
("0022", "f071", "1"),
("0022", "f081", "2"),
("0022", "f098", "3"),
("0115", "f023", "2"),
("0115", "f033", "2"),
("0115", "f049", "8"),
("0115", "f053", "10"),
("0115", "f061", "2"),
("0115", "f074", "2"),
("0115", "f085", "6"),
("0115", "f100", "-1"),
("0212", "f029", "11"),
("0212", "f038", "2"),
("0212", "f046", "2"),
("0212", "f051", "9"),
("0212", "f063", "2"),
("0212", "f078", "6"),
("0212", "f082", "3"),
("0212", "f091", "2"),
("0389", "f024", "2"),
("0389", "f036", "5"),
("0389", "f043", "3"),
("0389", "f057", "3"),
("0389", "f064", "2"),
("0389", "f077", "1"),
("0389", "f084", "1"),
("0389", "f100", "3"),
("0214", "f029", "7"),
("0214", "f038", "2"),
("0214", "f046", "2"),
("0214", "f051", "3"),
("0214", "f063", "13"),
("0214", "f078", "2"),
("0214", "f082", "0"),
("0214", "f091", "1"),
("0262", "f021", "3"),
("0262", "f039", "8"),
("0262", "f047", "1"),
("0262", "f055", "0"),
("0262", "f067", "5"),
("0262", "f080", "2"),
("0262", "f089", "2"),
("0262", "f098", "0"),
("0018", "f030", "2"),
("0018", "f031", "5"),
("0018", "f042", "2"), 
("0018", "f058", "1"), 
("0018", "f068", "0"), 
("0018", "f072", "1"), 
("0018", "f084", "1"),
("0018", "f092", "1"),
("0314", "f024", "8"),  
("0314", "f039", "2"),  
("0314", "f041", "1"), 
("0314", "f056", "2"),  
("0314", "f070", "2"),  
("0314", "f078", "5"),  
("0314", "f090", "3"),  
("0314", "f093", "5"),
("0336", "f026", "15"),
("0336", "f034", "9"),
("0336", "f045", "2"),
("0336", "f056", "2"),
("0336", "f069", "2"),
("0336", "f077", "5"),
("0336", "f083", "3"),
("0336", "f097", "3"), 
("0339", "f026", "0"),
("0339", "f034", "1"),
("0339", "f045", "9"),
("0339", "f056", "2"),
("0339", "f069", "2"),
("0339", "f077", "6"),
("0339", "f083", "1"),
("0339", "f097", "11"),
("0414", "f025", "8"),
("0414", "f032", "2"),
("0414", "f045", "2"),
("0414", "f057", "3"),
("0414", "f065", "8"),
("0414", "f079", "2"),
("0414", "f086", "3"),
("0414", "f094", "3"),
("0411", "f025", "16"),
("0411", "f032", "2"),
("0411", "f045", "1"),
("0411", "f057", "3"),
("0411", "f065", "2"),
("0411", "f079", "2"),
("0411", "f086", "1"),
("0411", "f094", "1"),
("0107", "f023", "5"),
("0107", "f033", "1"),
("0107", "f049", "7"),
("0107", "f053", "3"),
("0107", "f061", "2"),
("0107", "f074", "2"),
("0107", "f085", "5"),
("0107", "f100", "2"),
("0373", "f022", "1"),
("0373", "f035", "2"),
("0373", "f041", "0"),
("0373", "f060", "0"),
("0373", "f064", "1"),
("0373", "f079", "7"),
("0373", "f083", "2"),
("0373", "f097", "5"),
("0404", "f025", "2"),
("0404", "f032", "2"),
("0404", "f045", "2"),
("0404", "f057", "3"),
("0404", "f065", "2"),
("0404", "f079", "2"),
("0404", "f086", "3"),
("0404", "f094", "3"),  
("0164", "f028", "1"),
("0164", "f040", "8"),
("0164", "f044", "8"),
("0164", "f054", "2"),
("0164", "f061", "10"),
("0164", "f072", "7"),
("0164", "f082", "3"),
("0164", "f095", "1"),
("0465", "f025", "0"),
("0465", "f037", "2"),
("0465", "f048", "3"),
("0465", "f059", "16"),
("0465", "f063", "2"),
("0465", "f080", "2"),
("0465", "f085", "2"),
("0465", "f096", "3"),
("0460", "f025", "2"),
("0460", "f037", "2"),
("0460", "f048", "8"),
("0460", "f059", "6"),
("0460", "f063", "2"),
("0460", "f080", "5"),
("0460", "f085", "8"),
("0460", "f096", "3"),
("0093", "f027", "2"),
("0093", "f032", "0"),
("0093", "f050", "3"),
("0093", "f052", "14"),
("0093", "f068", "1"),
("0093", "f074", "5"),
("0093", "f089", "3"),
("0093", "f093", "2");


insert into homeTeam (fixture_id, club_name, goals, venue) values
("f001", "Manchester United", "1", "Old Trafford"),
("f002", "Leicester City", "2", "King Power Stadium"),
("f003", "Queens Park Rangers", "0", "Loftus Road"),
("f004", "Stoke City", "0",  "Britannia Stadium"),
("f005", "West Bromwich Albion", "2",  "The Hawthorns"),
("f006", "West Ham", "0", "Upton Park"),
("f007", "Arsenal", "2", "Emirates"),
("f008", "Liverpool", "2", "Anfield"),
("f009", "Newcastle United", "0", "St James' Park"),
("f010", "Burnley", "1", "Turf Moor"),
("f011", "Aston Villa", "0", "Villa Park"),
("f012", "Chelsea", "2", "Stamford Bridge"),
("f013", "Crystal Palace", "1", "Selhurst Park"),
("f014", "Southampton", "0", "St Mary's Stadium"),
("f015", "Swansea City", "1", "Liberty Stadium"),
("f016", "Everton", "2", "Goodison Park"),
("f017", "Hull City", "1", "KC Stadium"),
("f018", "Tottenham Hotspur", "4", "White Hart Lane"),
("f019", "Sunderland", "1", "Stadium of Light"),
("f020", "Manchester City", "3", "City of Manchester Stadium"),
("f021", "Burnley", "0", "Turf Moor"),
("f022", "Manchester City", "0", "City of Manchester Stadium"),
("f023", "Newcastle United", "3", "St James' Park"),
("f024", "Queens Park Rangers", "1", "Loftus Road"),
("f025", "Swansea City", "3", "Liberty Stadium"),
("f026", "West Ham", "1", "Upton Park"),
("f027", "Everton", "3", "Goodison Park"),
("f028", "Aston Villa", "2", "Villa Park"),
("f029", "Tottenham Hotspur", "0", "White Hart Lane"),
("f030", "Leicester City", "1",  "King Power Stadium"),
("f031", "Arsenal", "2",  "Emirates"),
("f032", "Chelsea", "4", "Stamford Bridge"),
("f033", "Crystal Palace", "0", "Selhurst Park"),
("f034", "Southampton", "4", "St Mary's Stadium"),
("f035", "Stoke City", "0", "Britannia Stadium"),
("f036", "Sunderland", "2", "Stadium of Light"),
("f037", "West Bromwich Albion", "0", "The Hawthorns"),
("f038", "Liverpool", "0", "Anfield"),
("f039", "Manchester United", "4",  "Old Trafford"),
("f040", "Hull City", "2", "KC Stadium"),
("f041", "Queens Park Rangers", "2", "Loftus Road"),
("f042", "Aston Villa", "0", "Villa Park"),
("f043", "Burnley", "0", "Turf Moor"),
("f044", "Newcastle United", "2", "St James' Park"),
("f045", "Swansea City", "0", "Liberty Stadium"),
("f046", "West Ham", "3", "Upton Park"),
("f047", "Leicester City", "5", "King Power Stadium"),
("f048", "Tottenham Hotspur", "0",  "White Hart Lane"),
("f049", "Everton", "2", "Goodison Park"),
("f050", "Manchester City", "1", "City of Manchester Stadium"),
("f051", "Liverpool", "1", "Anfield"),
("f052", "Chelsea", "3", "Stamford Bridge"),
("f053", "Crystal Palace", "2", "Selhurst Park"),
("f054", "Hull City", "2", "KC Stadium"),
("f055", "Manchester United", "2",  "Old Trafford"),
("f056", "Southampton", "2", "St Mary's Stadium"),
("f057", "Sunderland", "0", "Stadium of Light"),
("f058", "Arsenal", "1", "Emirates"),
("f059", "West Bromwich Albion", "4", "The Hawthorns"),
("f060", "Stoke City", "1", "Britannia Stadium"),
("f061", "Hull City", "2", "KC Stadium"),
("f062", "Leicester City", "2", "King Power Stadium"),
("f063", "Liverpool", "2",  "Anfield"),
("f064", "Sunderland", "3", "Stadium of Light"),
("f065", "Swansea City", "2",  "Liberty Stadium"),
("f066", "Aston Villa", "0", "Villa Park"),
("f067", "Manchester United", "2", "Old Trafford"),
("f068", "Chelsea", "2", "Stamford Bridge"),
("f069", "Tottenham Hotspur", "1", "White Hart Lane"),
("f070", "West Ham", "2", "Upton Park"),
("f071", "Manchester City", "4", "City of Manchester Stadium"),
("f072", "Arsenal", "2", "Emirates"),
("f073", "Burnley", "1", "Turf Moor"),
("f074", "Crystal Palace", "1", "Selhurst Park"),
("f075", "Everton", "3", "Goodison Park"),
("f076", "Newcastle United", "1", "St James' Park"),
("f077", "Southampton", "8",  "St Mary's Stadium"),
("f078", "Queens Park Rangers", "2", "Loftus Road"),
("f079", "Stoke City", "2", "Britannia Stadium"),
("f080", "West Bromwich Albion", "2", "The Hawthorns"),
("f081", "West Ham", "2", "Upton Park"),
("f082", "Liverpool", "0", "Anfield"),
("f083", "Southampton", "1",  "St Mary's Stadium"),
("f084", "Sunderland", "0", "Stadium of Light"),
("f085", "West Bromwich Albion", "2", "The Hawthorns"),
("f086", "Swansea City", "2", "Liberty Stadium"),
("f087", "Burnley", "1", "Turf Moor"),
("f088", "Tottenham Hotspur", "1", "White Hart Lane"),
("f089", "Manchester United", "1", "Old Trafford"),
("f090", "Queens Park Rangers", "2", "Loftus Road"),
("f091", "Newcastle United", "1", "St James' Park"),
("f092", "Arsenal", "3",  "Emirates"),
("f093", "Chelsea", "2", "Stamford Bridge"),
("f094", "Everton", "0", "Goodison Park"),
("f095", "Hull City", "0", "KC Stadium"),
("f096", "Leicester City", "0", "King Power Stadium"),
("f097", "Stoke City", "2", "Britannia Stadium"),
("f098", "Manchester City", "1", "City of Manchester Stadium"),
("f099", "Aston Villa", "1", "Villa Park"),
("f100", "Crystal Palace", "1", "Selhurst Park");



insert into awayTeam(fixture_id, club_name, goals) values
("f001", "Swansea City", "1"),
("f002", "Everton", "2"),
("f003", "Hull City", "1"),
("f004", "Aston Villa", "1"),
("f005", "Sunderland", "2"),
("f006", "Tottenham Hotspur", "1"),
("f007", "Crystal Palace", "1"),
("f008", "Southampton", "1"),
("f009", "Manchester City", "2"),
("f010", "Chelsea", "1"),
("f011", "Newcastle United", "0"),
("f012", "Leicester City", "0"),
("f013", "West Ham", "3"),
("f014", "West Bromwich Albion", "0"),
("f015", "Burnley", "0"),
("f016", "Arsenal", "2"),
("f017", "Stoke City", "1"),
("f018", "Queens Park Rangers", "0"),
("f019", "Manchester United", "1"),
("f020", "Liverpool", "1"),
("f021", "Manchester United", "0"),
("f022", "Stoke City", "1"),
("f023", "Crystal Palace", "3"),
("f024", "Sunderland", "0"),
("f025", "West Bromwich Albion", "0"),
("f026", "Southampton", "3"),
("f027", "Chelsea", "6"),
("f028", "Hull City", "1"),
("f029", "Liverpool", "3"),
("f030", "Arsenal", "1"),
("f031", "Manchester City", "2"),
("f032", "Swansea City", "2"),
("f033", "Burnley", "0"),
("f034", "Newcastle United", "0"),
("f035", "Leicester City", "1"),
("f036", "Tottenham Hotspur", "2"),
("f037", "Everton", "2"),
("f038", "Aston Villa", "1"),
("f039", "Queens Park Rangers", "0"),
("f040", "West Ham", "2"),
("f041", "Stoke City", "2"),
("f042", "Arsenal", "3"),
("f043", "Sunderland", "0"),
("f044", "Hull City", "2"),
("f045", "Southampton", "1"),
("f046", "Liverpool", "1"),
("f047", "Manchester United", "3"),
("f048", "West Bromwich Albion", "1"),
("f049", "Crystal Palace", "3"),
("f050", "Chelsea", "1"),
("f051", "Everton", "1"),
("f052", "Aston Villa", "0"),
("f053", "Leicester City", "0"),
("f054", "Manchester City", "4"),
("f055", "West Ham", "1"),
("f056", "Queens Park Rangers", "1"),
("f057", "Swansea City", "0"),
("f058", "Tottenham Hotspur", "1"),
("f059", "Burnley", "0"),
("f060", "Newcastle United", "0"),
("f061", "Crystal Palace", "0"),
("f062", "Burnley", "2"),
("f063", "West Bromwich Albion", "1"),
("f064", "Stoke City", "1"),
("f065", "Newcastle United", "2"),
("f066", "Manchester City", "2"),
("f067", "Everton", "1"),
("f068", "Arsenal", "0"),
("f069", "Southampton", "0"),
("f070", "Queens Park Rangers", "0"),
("f071", "Tottenham Hotspur", "1"),
("f072", "Hull City", "2"),
("f073", "West Ham", "3"),
("f074", "Chelsea", "2"),
("f075", "Aston Villa", "0"),
("f076", "Leicester City", "0"),
("f077", "Sunderland", "0"),
("f078", "Liverpool", "3"),
("f079", "Swansea City", "1"),
("f080", "Manchester United", "2"),
("f081", "Manchester City", "1"),
("f082", "Hull City", "0"),
("f083", "Stoke City", "0"),
("f084", "Arsenal", "2"),
("f085", "Crystal Palace", "2"),
("f086", "Leicester City", "0"),
("f087", "Everton", "3"),
("f088", "Newcastle United", "2"),
("f089", "Chelsea", "1"),
("f090", "Aston Villa", "0"),
("f091", "Liverpool", "0"),
("f092", "Burnley", "0"),
("f093", "Queens Park Rangers", "1"),
("f094", "Swansea City", "0"),
("f095", "Southampton", "1"),
("f096", "West Bromwich Albion", "1"),
("f097", "West Ham", "2"),
("f098", "Manchester United", "0"),
("f099", "Tottenham Hotspur", "2"),
("f100", "Sunderland", "3");

